barangay,week_start,case_count,source,week_key,rainfall_lag,temp_lag,humidity_lag,outbreak
Malanday,2017-01-02,4,synthetic,2016-12-27,1.1,25.8,75.0,1
Malanday,2017-01-09,9,synthetic,2017-01-03,15.900000000000002,24.642857142857142,80.57142857142857,1
Malanday,2017-01-16,5,synthetic,2017-01-10,55.3,25.0,83.57142857142857,1
Malanday,2017-01-23,5,synthetic,2017-01-17,18.6,24.400000000000002,77.71428571428571,1
Malanday,2017-01-30,1,synthetic,2017-01-24,13.5,24.571428571428573,79.85714285714286,0
Malanday,2017-02-06,4,synthetic,2017-01-31,42.2,24.857142857142858,81.57142857142857,1
Malanday,2017-02-13,1,synthetic,2017-02-07,3.8,23.542857142857144,76.28571428571429,0
Malanday,2017-02-20,2,synthetic,2017-02-14,27.200000000000003,23.75714285714286,76.57142857142857,0
Malanday,2017-02-27,6,synthetic,2017-02-21,14.500000000000002,25.97142857142857,77.28571428571429,1
Malanday,2017-03-06,2,synthetic,2017-02-28,12.4,25.7,76.0,0
Malanday,2017-03-13,2,synthetic,2017-03-07,0.4,25.614285714285717,71.14285714285714,0
Malanday,2017-03-20,3,synthetic,2017-03-14,1.0,26.428571428571427,68.14285714285714,0
Malanday,2017-03-27,2,synthetic,2017-03-21,14.5,27.585714285714285,73.28571428571429,0
Malanday,2017-04-03,3,synthetic,2017-03-28,5.5,27.157142857142855,65.71428571428571,0
Malanday,2017-04-10,2,synthetic,2017-04-04,3.3000000000000003,27.928571428571427,65.28571428571429,0
Malanday,2017-04-17,1,synthetic,2017-04-11,11.4,28.82857142857143,65.85714285714286,0
Malanday,2017-04-24,1,synthetic,2017-04-18,22.2,28.87142857142857,73.14285714285714,0
Malanday,2017-05-01,1,synthetic,2017-04-25,7.7,29.114285714285717,69.57142857142857,0
Malanday,2017-05-08,0,synthetic,2017-05-02,20.8,29.057142857142857,71.0,0
Malanday,2017-05-15,1,synthetic,2017-05-09,6.1,30.114285714285717,63.142857142857146,0
Malanday,2017-05-22,1,synthetic,2017-05-16,56.1,28.528571428571432,78.71428571428571,0
Malanday,2017-05-29,0,synthetic,2017-05-23,124.1,27.342857142857145,85.85714285714286,0
Malanday,2017-06-05,4,synthetic,2017-05-30,77.5,27.8,84.14285714285714,1
Malanday,2017-06-12,3,synthetic,2017-06-06,55.3,27.442857142857143,83.14285714285714,0
Malanday,2017-06-19,2,synthetic,2017-06-13,23.5,28.042857142857144,80.85714285714286,0
Malanday,2017-06-26,0,synthetic,2017-06-20,40.5,27.485714285714288,83.57142857142857,0
Malanday,2017-07-03,2,synthetic,2017-06-27,100.4,26.714285714285715,86.0,0
Malanday,2017-07-10,1,synthetic,2017-07-04,43.7,26.842857142857145,84.14285714285714,0
Malanday,2017-07-17,6,synthetic,2017-07-11,56.4,26.257142857142856,86.28571428571429,1
Malanday,2017-07-24,3,synthetic,2017-07-18,137.39999999999998,26.228571428571428,87.0,0
Malanday,2017-07-31,2,synthetic,2017-07-25,171.4,25.957142857142856,90.71428571428571,0
Malanday,2017-08-07,5,synthetic,2017-08-01,140.3,26.442857142857143,89.0,1
Malanday,2017-08-14,3,synthetic,2017-08-08,54.6,27.25714285714286,85.71428571428571,0
Malanday,2017-08-21,8,synthetic,2017-08-15,108.0,26.685714285714287,87.42857142857143,1
Malanday,2017-08-28,4,synthetic,2017-08-22,128.70000000000002,26.02857142857143,87.57142857142857,1
Malanday,2017-09-04,11,synthetic,2017-08-29,78.1,26.614285714285717,87.42857142857143,1
Malanday,2017-09-11,10,synthetic,2017-09-05,46.2,26.857142857142858,86.14285714285714,1
Malanday,2017-09-18,11,synthetic,2017-09-12,148.6,26.75714285714286,86.57142857142857,1
Malanday,2017-09-25,6,synthetic,2017-09-19,79.8,26.32857142857143,87.28571428571429,1
Malanday,2017-10-02,13,synthetic,2017-09-26,52.3,26.185714285714287,89.0,1
Malanday,2017-10-09,9,synthetic,2017-10-03,150.2,26.071428571428573,89.28571428571429,1
Malanday,2017-10-16,7,synthetic,2017-10-10,159.1,25.97142857142857,90.42857142857143,1
Malanday,2017-10-23,4,synthetic,2017-10-17,23.8,26.657142857142855,86.42857142857143,1
Malanday,2017-10-30,4,synthetic,2017-10-24,26.9,26.0,83.71428571428571,1
Malanday,2017-11-06,1,synthetic,2017-10-31,99.80000000000001,26.114285714285717,86.0,0
Malanday,2017-11-13,1,synthetic,2017-11-07,82.9,26.5,83.85714285714286,0
Malanday,2017-11-20,9,synthetic,2017-11-14,16.7,26.714285714285715,83.85714285714286,1
Malanday,2017-11-27,7,synthetic,2017-11-21,8.0,26.771428571428572,80.14285714285714,1
Malanday,2017-12-04,1,synthetic,2017-11-28,9.5,27.014285714285712,80.85714285714286,0
Malanday,2017-12-11,5,synthetic,2017-12-05,59.9,26.042857142857144,82.71428571428571,1
Malanday,2017-12-18,7,synthetic,2017-12-12,45.6,24.12857142857143,80.57142857142857,1
Malanday,2017-12-25,5,synthetic,2017-12-19,48.6,25.87142857142857,81.28571428571429,1
Malanday,2018-01-01,17,synthetic,2017-12-26,32.0,24.957142857142856,80.71428571428571,1
Malanday,2018-01-08,15,synthetic,2018-01-02,10.5,25.5,80.71428571428571,1
Malanday,2018-01-15,9,synthetic,2018-01-09,4.0,24.37142857142857,76.28571428571429,1
Malanday,2018-01-22,12,synthetic,2018-01-16,76.3,25.342857142857145,82.0,1
Malanday,2018-01-29,7,synthetic,2018-01-23,199.4,24.87142857142857,85.57142857142857,1
Malanday,2018-02-05,5,synthetic,2018-01-30,13.399999999999999,24.585714285714285,79.71428571428571,1
Malanday,2018-02-12,3,synthetic,2018-02-06,11.0,24.685714285714287,80.85714285714286,0
Malanday,2018-02-19,5,synthetic,2018-02-13,1.9,25.914285714285715,75.28571428571429,1
Malanday,2018-02-26,1,synthetic,2018-02-20,6.8,26.357142857142858,72.71428571428571,0
Malanday,2018-03-05,2,synthetic,2018-02-27,10.7,26.900000000000002,76.14285714285714,0
Malanday,2018-03-12,4,synthetic,2018-03-06,31.6,26.071428571428573,72.71428571428571,1
Malanday,2018-03-19,1,synthetic,2018-03-13,10.5,26.414285714285715,71.28571428571429,0
Malanday,2018-03-26,2,synthetic,2018-03-20,10.100000000000001,25.74285714285714,68.14285714285714,0
Malanday,2018-04-02,2,synthetic,2018-03-27,13.3,26.12857142857143,70.71428571428571,0
Malanday,2018-04-09,0,synthetic,2018-04-03,53.7,26.857142857142858,72.0,0
Malanday,2018-04-16,3,synthetic,2018-04-10,20.2,28.17142857142857,73.0,0
Malanday,2018-04-23,1,synthetic,2018-04-17,3.8,28.771428571428572,65.85714285714286,0
Malanday,2018-04-30,0,synthetic,2018-04-24,19.1,29.014285714285712,67.42857142857143,0
Malanday,2018-05-07,2,synthetic,2018-05-01,10.5,29.75714285714286,64.42857142857143,0
Malanday,2018-05-14,0,synthetic,2018-05-08,12.7,29.585714285714285,66.0,0
Malanday,2018-05-21,1,synthetic,2018-05-15,7.7,29.8,67.0,0
Malanday,2018-05-28,1,synthetic,2018-05-22,17.3,29.442857142857143,71.0,0
Malanday,2018-06-04,7,synthetic,2018-05-29,28.599999999999998,29.228571428571428,70.28571428571429,1
Malanday,2018-06-11,3,synthetic,2018-06-05,249.3,26.32857142857143,89.85714285714286,0
Malanday,2018-06-18,3,synthetic,2018-06-12,116.9,26.457142857142856,89.57142857142857,0
Malanday,2018-06-25,2,synthetic,2018-06-19,87.19999999999999,26.37142857142857,87.28571428571429,0
Malanday,2018-07-02,5,synthetic,2018-06-26,47.1,26.214285714285715,88.71428571428571,1
Malanday,2018-07-09,3,synthetic,2018-07-03,110.2,26.214285714285715,88.71428571428571,0
Malanday,2018-07-16,7,synthetic,2018-07-10,304.4,25.342857142857145,92.42857142857143,1
Malanday,2018-07-23,3,synthetic,2018-07-17,225.5,25.52857142857143,93.0,0
Malanday,2018-07-30,4,synthetic,2018-07-24,170.0,25.357142857142858,92.28571428571429,1
Malanday,2018-08-06,8,synthetic,2018-07-31,159.4,26.014285714285712,90.14285714285714,1
Malanday,2018-08-13,4,synthetic,2018-08-07,226.1,25.52857142857143,91.85714285714286,1
Malanday,2018-08-20,7,synthetic,2018-08-14,139.6,25.8,90.28571428571429,1
Malanday,2018-08-27,7,synthetic,2018-08-21,57.0,26.185714285714287,88.71428571428571,1
Malanday,2018-09-03,12,synthetic,2018-08-28,89.8,25.957142857142856,88.14285714285714,1
Malanday,2018-09-10,15,synthetic,2018-09-04,178.79999999999998,25.75714285714286,90.28571428571429,1
Malanday,2018-09-17,15,synthetic,2018-09-11,130.4,25.75714285714286,90.42857142857143,1
Malanday,2018-09-24,20,synthetic,2018-09-18,41.8,26.17142857142857,87.14285714285714,1
Malanday,2018-10-01,23,synthetic,2018-09-25,28.9,26.557142857142857,86.71428571428571,1
Malanday,2018-10-08,10,synthetic,2018-10-02,46.4,25.87142857142857,86.14285714285714,1
Malanday,2018-10-15,10,synthetic,2018-10-09,54.6,26.642857142857142,86.14285714285714,1
Malanday,2018-10-22,10,synthetic,2018-10-16,31.7,26.3,84.42857142857143,1
Malanday,2018-10-29,11,synthetic,2018-10-23,9.899999999999999,26.157142857142855,78.57142857142857,1
Malanday,2018-11-05,4,synthetic,2018-10-30,48.2,26.585714285714285,83.0,1
Malanday,2018-11-12,6,synthetic,2018-11-06,2.2,26.114285714285717,78.57142857142857,1
Malanday,2018-11-19,7,synthetic,2018-11-13,6.4,26.099999999999998,77.0,1
Malanday,2018-11-26,6,synthetic,2018-11-20,15.799999999999999,25.914285714285715,80.71428571428571,1
Malanday,2018-12-03,5,synthetic,2018-11-27,2.3,25.87142857142857,77.85714285714286,1
Malanday,2018-12-10,5,synthetic,2018-12-04,9.1,26.571428571428573,77.71428571428571,1
Malanday,2018-12-17,8,synthetic,2018-12-11,12.0,26.414285714285715,75.57142857142857,1
Malanday,2018-12-24,10,synthetic,2018-12-18,142.8,25.02857142857143,83.71428571428571,1
Malanday,2019-01-07,12,synthetic,2019-01-01,6.699999999999999,24.685714285714287,81.57142857142857,1
Malanday,2019-01-14,9,synthetic,2019-01-08,1.6,24.557142857142857,79.57142857142857,1
Malanday,2019-01-21,10,synthetic,2019-01-15,1.0,23.82857142857143,78.42857142857143,1
Malanday,2019-01-28,5,synthetic,2019-01-22,2.0,24.214285714285715,75.0,1
Malanday,2019-02-04,2,synthetic,2019-01-29,1.9000000000000001,23.8,75.42857142857143,0
Malanday,2019-02-11,2,synthetic,2019-02-05,0.39999999999999997,24.75714285714286,72.42857142857143,0
Malanday,2019-02-18,2,synthetic,2019-02-12,0.7000000000000001,25.114285714285717,69.71428571428571,0
Malanday,2019-02-25,5,synthetic,2019-02-19,2.1,25.185714285714287,67.85714285714286,1
Malanday,2019-03-04,1,synthetic,2019-02-26,2.3,25.685714285714287,67.57142857142857,0
Malanday,2019-03-11,4,synthetic,2019-03-05,3.1,27.099999999999998,66.14285714285714,1
Malanday,2019-03-18,5,synthetic,2019-03-12,18.9,26.785714285714285,71.14285714285714,1
Malanday,2019-03-25,3,synthetic,2019-03-19,0.7,27.02857142857143,65.14285714285714,0
Malanday,2019-04-01,2,synthetic,2019-03-26,3.1,28.014285714285712,63.42857142857143,0
Malanday,2019-04-08,3,synthetic,2019-04-02,2.3,28.914285714285715,61.42857142857143,0
Malanday,2019-04-15,5,synthetic,2019-04-09,8.0,29.685714285714287,65.57142857142857,1
Malanday,2019-04-22,1,synthetic,2019-04-16,5.4,30.114285714285717,61.142857142857146,0
Malanday,2019-04-29,1,synthetic,2019-04-23,2.2,29.62857142857143,60.0,0
Malanday,2019-05-06,1,synthetic,2019-04-30,42.6,29.2,69.0,0
Malanday,2019-05-13,1,synthetic,2019-05-07,86.10000000000001,27.228571428571428,86.0,0
Malanday,2019-05-20,2,synthetic,2019-05-14,19.7,28.885714285714283,77.71428571428571,0
Malanday,2019-05-27,3,synthetic,2019-05-21,52.4,27.37142857142857,83.57142857142857,0
Malanday,2019-06-03,8,synthetic,2019-05-28,14.100000000000001,28.814285714285713,77.57142857142857,1
Malanday,2019-06-10,1,synthetic,2019-06-04,31.9,29.485714285714288,72.57142857142857,0
Malanday,2019-06-17,6,synthetic,2019-06-11,80.1,27.957142857142856,84.85714285714286,1
Malanday,2019-06-24,2,synthetic,2019-06-18,44.3,28.157142857142855,82.42857142857143,0
Malanday,2019-07-01,4,synthetic,2019-06-25,192.4,26.114285714285717,91.42857142857143,1
Malanday,2019-07-08,7,synthetic,2019-07-02,56.800000000000004,27.099999999999998,84.42857142857143,1
Malanday,2019-07-15,10,synthetic,2019-07-09,51.3,26.97142857142857,86.85714285714286,1
Malanday,2019-07-22,5,synthetic,2019-07-16,113.4,26.314285714285713,89.71428571428571,1
Malanday,2019-07-29,9,synthetic,2019-07-23,187.3,25.857142857142858,91.0,1
Malanday,2019-08-05,9,synthetic,2019-07-30,294.3,25.542857142857144,92.0,1
Malanday,2019-08-12,5,synthetic,2019-08-06,121.7,26.385714285714283,89.0,1
Malanday,2019-08-19,12,synthetic,2019-08-13,49.599999999999994,27.099999999999998,87.0,1
Malanday,2019-08-26,8,synthetic,2019-08-20,181.3,25.957142857142856,91.28571428571429,1
Malanday,2019-09-02,19,synthetic,2019-08-27,132.9,25.585714285714285,90.28571428571429,1
Malanday,2019-09-09,17,synthetic,2019-09-03,85.0,26.37142857142857,88.28571428571429,1
Malanday,2019-09-16,22,synthetic,2019-09-10,407.79999999999995,25.12857142857143,93.14285714285714,1
Malanday,2019-09-23,11,synthetic,2019-09-17,133.79999999999998,25.542857142857144,88.57142857142857,1
Malanday,2019-09-30,21,synthetic,2019-09-24,43.5,26.642857142857142,87.0,1
Malanday,2019-10-07,12,synthetic,2019-10-01,32.8,26.142857142857142,86.42857142857143,1
Malanday,2019-10-14,7,synthetic,2019-10-08,16.400000000000002,26.400000000000002,81.57142857142857,1
Malanday,2019-10-21,8,synthetic,2019-10-15,13.7,26.957142857142856,79.42857142857143,1
Malanday,2019-10-28,16,synthetic,2019-10-22,21.2,26.914285714285715,80.42857142857143,1
Malanday,2019-11-04,4,synthetic,2019-10-29,124.0,26.485714285714288,85.85714285714286,1
Malanday,2019-11-11,12,synthetic,2019-11-05,64.6,26.014285714285712,85.71428571428571,1
Malanday,2019-11-18,12,synthetic,2019-11-12,15.3,25.942857142857143,83.85714285714286,1
Malanday,2019-11-25,10,synthetic,2019-11-19,48.4,26.442857142857143,84.71428571428571,1
Malanday,2019-12-02,5,synthetic,2019-11-26,2.7,25.542857142857144,78.0,1
Malanday,2019-12-09,7,synthetic,2019-12-03,73.3,25.642857142857142,82.0,1
Malanday,2019-12-16,11,synthetic,2019-12-10,2.9,25.900000000000002,79.14285714285714,1
Malanday,2019-12-23,4,synthetic,2019-12-17,6.0,26.02857142857143,77.42857142857143,1
Malanday,2019-12-30,8,synthetic,2019-12-24,26.400000000000002,25.97142857142857,78.14285714285714,1
Malanday,2020-01-06,3,synthetic,2019-12-31,3.0,25.67142857142857,74.85714285714286,0
Malanday,2020-01-13,3,synthetic,2020-01-07,15.8,25.52857142857143,79.14285714285714,0
Malanday,2020-01-20,3,synthetic,2020-01-14,10.0,25.928571428571427,77.71428571428571,0
Malanday,2020-01-27,3,synthetic,2020-01-21,7.8,25.32857142857143,76.14285714285714,0
Malanday,2020-02-03,3,synthetic,2020-01-28,2.2,24.714285714285715,70.85714285714286,0
Malanday,2020-02-10,1,synthetic,2020-02-04,12.9,25.37142857142857,74.0,0
Malanday,2020-02-17,1,synthetic,2020-02-11,3.2,25.557142857142857,69.57142857142857,0
Malanday,2020-02-24,1,synthetic,2020-02-18,0.5,25.37142857142857,65.85714285714286,0
Malanday,2020-03-02,0,synthetic,2020-02-25,1.1,26.32857142857143,66.85714285714286,0
Malanday,2020-03-09,2,synthetic,2020-03-03,3.7,27.8,67.57142857142857,0
Malanday,2020-03-16,1,synthetic,2020-03-10,10.6,27.957142857142856,67.28571428571429,0
Malanday,2020-03-23,1,synthetic,2020-03-17,5.8,28.17142857142857,63.857142857142854,0
Malanday,2020-03-30,0,synthetic,2020-03-24,3.1,28.542857142857144,61.714285714285715,0
Malanday,2020-04-06,0,synthetic,2020-03-31,2.5,28.714285714285715,61.285714285714285,0
Malanday,2020-04-13,1,synthetic,2020-04-07,38.199999999999996,28.485714285714288,70.14285714285714,0
Malanday,2020-04-20,0,synthetic,2020-04-14,18.0,28.599999999999998,70.42857142857143,0
Malanday,2020-04-27,0,synthetic,2020-04-21,4.300000000000001,30.185714285714287,62.142857142857146,0
Malanday,2020-05-04,0,synthetic,2020-04-28,11.9,30.042857142857144,62.142857142857146,0
Malanday,2020-05-11,0,synthetic,2020-05-05,13.5,30.842857142857145,66.28571428571429,0
Malanday,2020-05-18,1,synthetic,2020-05-12,184.6,28.32857142857143,79.85714285714286,0
Malanday,2020-05-25,0,synthetic,2020-05-19,43.1,28.357142857142858,82.71428571428571,0
Malanday,2020-06-01,2,synthetic,2020-05-26,29.6,28.114285714285717,80.85714285714286,0
Malanday,2020-06-08,1,synthetic,2020-06-02,7.800000000000001,29.442857142857143,72.71428571428571,0
Malanday,2020-06-15,0,synthetic,2020-06-09,135.5,27.25714285714286,83.71428571428571,0
Malanday,2020-06-22,1,synthetic,2020-06-16,37.8,27.642857142857142,84.28571428571429,0
Malanday,2020-06-29,2,synthetic,2020-06-23,44.2,27.74285714285714,82.71428571428571,0
Malanday,2020-07-06,1,synthetic,2020-06-30,59.3,27.3,83.0,0
Malanday,2020-07-13,3,synthetic,2020-07-07,77.7,27.24285714285714,85.14285714285714,0
Malanday,2020-07-20,0,synthetic,2020-07-14,20.4,27.900000000000002,78.71428571428571,0
Malanday,2020-07-27,1,synthetic,2020-07-21,73.5,27.485714285714288,84.0,0
Malanday,2020-08-03,2,synthetic,2020-07-28,133.0,26.099999999999998,88.85714285714286,0
Malanday,2020-08-10,1,synthetic,2020-08-04,103.3,26.7,87.71428571428571,0
Malanday,2020-08-17,6,synthetic,2020-08-11,75.7,26.271428571428572,88.42857142857143,1
Malanday,2020-08-24,1,synthetic,2020-08-18,141.4,26.52857142857143,88.71428571428571,0
Malanday,2020-08-31,3,synthetic,2020-08-25,54.8,27.2,85.85714285714286,0
Malanday,2020-09-07,1,synthetic,2020-09-01,44.4,27.414285714285715,85.71428571428571,0
Malanday,2020-09-14,1,synthetic,2020-09-08,48.900000000000006,26.957142857142856,87.14285714285714,0
Malanday,2020-09-21,2,synthetic,2020-09-15,65.5,26.5,88.14285714285714,0
Malanday,2020-09-28,6,synthetic,2020-09-22,90.9,26.75714285714286,87.0,1
Malanday,2020-10-05,3,synthetic,2020-09-29,56.9,26.842857142857145,87.28571428571429,0
Malanday,2020-10-12,4,synthetic,2020-10-06,187.3,26.157142857142855,90.14285714285714,1
Malanday,2020-10-19,1,synthetic,2020-10-13,89.7,26.014285714285712,88.14285714285714,0
Malanday,2020-10-26,3,synthetic,2020-10-20,307.0,25.914285714285715,89.28571428571429,0
Malanday,2020-11-02,2,synthetic,2020-10-27,50.8,26.099999999999998,83.85714285714286,0
Malanday,2020-11-09,1,synthetic,2020-11-03,106.4,25.914285714285715,88.0,0
Malanday,2020-11-16,5,synthetic,2020-11-10,340.3,26.32857142857143,86.14285714285714,1
Malanday,2020-11-23,0,synthetic,2020-11-17,3.5,26.3,80.0,0
Malanday,2020-11-30,1,synthetic,2020-11-24,43.199999999999996,25.771428571428572,82.28571428571429,0
Malanday,2020-12-07,3,synthetic,2020-12-01,42.2,26.12857142857143,83.57142857142857,0
Malanday,2020-12-14,3,synthetic,2020-12-08,54.0,26.142857142857142,87.28571428571429,0
Malanday,2020-12-21,1,synthetic,2020-12-15,93.8,25.571428571428573,86.71428571428571,0
Malanday,2020-12-28,1,synthetic,2020-12-22,80.0,25.485714285714288,86.14285714285714,0
Malanday,2021-01-04,0,synthetic,2020-12-29,51.5,25.071428571428573,83.71428571428571,0
Malanday,2021-01-11,2,synthetic,2021-01-05,2.4,24.74285714285714,79.71428571428571,0
Malanday,2021-01-18,3,synthetic,2021-01-12,11.899999999999999,24.599999999999998,78.85714285714286,0
Malanday,2021-01-25,2,synthetic,2021-01-19,96.0,25.157142857142855,89.28571428571429,0
Malanday,2021-02-01,1,synthetic,2021-01-26,13.5,24.014285714285712,80.85714285714286,0
Malanday,2021-02-08,1,synthetic,2021-02-02,4.2,24.942857142857143,80.14285714285714,0
Malanday,2021-02-15,2,synthetic,2021-02-09,45.7,25.02857142857143,86.14285714285714,0
Malanday,2021-02-22,1,synthetic,2021-02-16,36.1,23.400000000000002,79.14285714285714,0
Malanday,2021-03-01,1,synthetic,2021-02-23,71.60000000000001,25.74285714285714,83.85714285714286,0
Malanday,2021-03-08,0,synthetic,2021-03-02,4.9,25.928571428571427,77.71428571428571,0
Malanday,2021-03-15,2,synthetic,2021-03-09,18.2,25.400000000000002,79.71428571428571,0
Malanday,2021-03-22,1,synthetic,2021-03-16,33.2,26.900000000000002,82.85714285714286,0
Malanday,2021-03-29,2,synthetic,2021-03-23,4.7,27.2,75.71428571428571,0
Malanday,2021-04-05,1,synthetic,2021-03-30,2.2,27.52857142857143,69.42857142857143,0
Malanday,2021-04-12,2,synthetic,2021-04-06,6.1,27.614285714285717,67.57142857142857,0
Malanday,2021-04-19,1,synthetic,2021-04-13,14.700000000000001,27.942857142857143,72.14285714285714,0
Malanday,2021-04-26,0,synthetic,2021-04-20,14.7,27.714285714285715,75.0,0
Malanday,2021-05-03,0,synthetic,2021-04-27,9.5,27.785714285714285,71.57142857142857,0
Malanday,2021-05-10,1,synthetic,2021-05-04,2.7,29.75714285714286,67.14285714285714,0
Malanday,2021-05-17,0,synthetic,2021-05-11,2.3,30.414285714285715,63.714285714285715,0
Malanday,2021-05-24,1,synthetic,2021-05-18,22.099999999999998,29.7,69.28571428571429,0
Malanday,2021-05-31,0,synthetic,2021-05-25,23.2,30.014285714285712,71.0,0
Malanday,2021-06-07,1,synthetic,2021-06-01,131.4,27.900000000000002,83.71428571428571,0
Malanday,2021-06-14,0,synthetic,2021-06-08,59.0,26.771428571428572,84.71428571428571,0
Malanday,2021-06-21,0,synthetic,2021-06-15,45.1,27.75714285714286,82.57142857142857,0
Malanday,2021-06-28,2,synthetic,2021-06-22,82.4,26.97142857142857,84.85714285714286,0
Malanday,2021-07-05,1,synthetic,2021-06-29,75.5,27.32857142857143,83.85714285714286,0
Malanday,2021-07-12,1,synthetic,2021-07-06,39.4,27.599999999999998,81.42857142857143,0
Malanday,2021-07-19,2,synthetic,2021-07-13,148.7,26.62857142857143,88.0,0
Malanday,2021-07-26,2,synthetic,2021-07-20,227.5,25.914285714285715,93.0,0
Malanday,2021-08-02,2,synthetic,2021-07-27,140.8,26.52857142857143,91.0,0
Malanday,2021-08-09,7,synthetic,2021-08-03,69.9,26.942857142857143,89.14285714285714,1
Malanday,2021-08-16,3,synthetic,2021-08-10,59.1,26.342857142857145,87.28571428571429,0
Malanday,2021-08-23,5,synthetic,2021-08-17,88.2,26.571428571428573,87.42857142857143,1
Malanday,2021-08-30,0,synthetic,2021-08-24,91.1,26.214285714285715,88.14285714285714,0
Malanday,2021-09-06,5,synthetic,2021-08-31,67.9,26.3,88.28571428571429,1
Malanday,2021-09-13,2,synthetic,2021-09-07,229.0,25.857142857142858,90.28571428571429,0
Malanday,2021-09-20,2,synthetic,2021-09-14,49.2,26.62857142857143,87.85714285714286,0
Malanday,2021-09-27,4,synthetic,2021-09-21,30.9,27.157142857142855,84.0,1
Malanday,2021-10-04,8,synthetic,2021-09-28,89.0,26.614285714285717,89.14285714285714,1
Malanday,2021-10-11,3,synthetic,2021-10-05,54.7,26.47142857142857,86.14285714285714,0
Malanday,2021-10-18,3,synthetic,2021-10-12,149.8,25.957142857142856,89.57142857142857,0
Malanday,2021-10-25,3,synthetic,2021-10-19,49.2,26.12857142857143,87.28571428571429,0
Malanday,2021-11-01,5,synthetic,2021-10-26,2.2,26.542857142857144,79.42857142857143,1
Malanday,2021-11-08,2,synthetic,2021-11-02,7.7,27.014285714285712,80.42857142857143,0
Malanday,2021-11-15,2,synthetic,2021-11-09,28.7,27.157142857142855,80.0,0
Malanday,2021-11-22,5,synthetic,2021-11-16,41.6,26.842857142857145,82.57142857142857,1
Malanday,2021-11-29,1,synthetic,2021-11-23,51.7,26.17142857142857,86.28571428571429,0
Malanday,2021-12-06,1,synthetic,2021-11-30,12.7,25.47142857142857,75.57142857142857,0
Malanday,2021-12-13,2,synthetic,2021-12-07,0.6000000000000001,25.5,75.14285714285714,0
Malanday,2021-12-20,1,synthetic,2021-12-14,44.2,25.8,80.71428571428571,0
Malanday,2021-12-27,0,synthetic,2021-12-21,49.3,25.47142857142857,84.71428571428571,0
Malanday,2022-01-24,0,real,2022-01-18,0.0,23.8,77.0,0
Malanday,2022-01-31,0,real,2022-01-25,7.6,24.557142857142857,76.71428571428571,0
Malanday,2022-02-07,0,real,2022-02-01,3.4000000000000004,24.37142857142857,76.0,0
Malanday,2022-02-14,0,real,2022-02-08,18.1,24.957142857142856,76.28571428571429,0
Malanday,2022-02-21,0,real,2022-02-15,27.6,26.24285714285714,79.57142857142857,0
Malanday,2022-02-28,0,real,2022-02-22,2.7,25.67142857142857,73.42857142857143,0
Malanday,2022-03-07,0,real,2022-03-01,20.3,26.342857142857145,74.71428571428571,0
Malanday,2022-03-14,0,real,2022-03-08,27.6,26.385714285714283,77.42857142857143,0
Malanday,2022-03-21,0,real,2022-03-15,15.5,26.61428571428572,74.28571428571429,0
Malanday,2022-03-28,0,real,2022-03-22,2.7,27.414285714285715,68.42857142857143,0
Malanday,2022-04-04,0,real,2022-03-29,36.3,27.428571428571427,69.85714285714286,0
Malanday,2022-04-11,0,real,2022-04-05,43.5,27.714285714285715,78.42857142857143,0
Malanday,2022-04-18,0,real,2022-04-12,4.0,29.1,68.28571428571429,0
Malanday,2022-04-25,0,real,2022-04-19,7.4,28.62857142857143,66.57142857142857,0
Malanday,2022-05-02,0,real,2022-04-26,96.6,27.285714285714285,76.42857142857143,0
Malanday,2022-05-09,0,real,2022-05-03,59.2,26.942857142857143,78.85714285714286,0
Malanday,2022-05-16,0,real,2022-05-10,9.1,27.914285714285715,73.57142857142857,0
Malanday,2022-05-23,0,real,2022-05-17,21.7,29.02857142857143,70.57142857142857,0
Malanday,2022-05-30,0,real,2022-05-24,5.9,29.885714285714283,63.142857142857146,0
Malanday,2022-06-06,0,real,2022-05-31,37.3,29.857142857142858,65.28571428571429,0
Malanday,2022-06-13,0,real,2022-06-07,116.9,26.32857142857143,86.28571428571429,0
Malanday,2022-06-20,0,real,2022-06-14,61.1,27.285714285714285,81.57142857142857,0
Malanday,2022-06-27,0,real,2022-06-21,37.3,27.3,81.85714285714286,0
Malanday,2022-07-04,0,real,2022-06-28,40.7,27.985714285714288,78.85714285714286,0
Malanday,2022-07-11,0,real,2022-07-05,42.7,27.82857142857143,79.42857142857143,0
Malanday,2022-07-18,0,real,2022-07-12,78.2,26.9,83.0,0
Malanday,2022-07-25,0,real,2022-07-19,123.0,26.514285714285712,85.85714285714286,0
Malanday,2022-08-01,0,real,2022-07-26,142.6,26.32857142857143,88.0,0
Malanday,2022-08-08,0,real,2022-08-02,127.3,26.62857142857143,87.0,0
Malanday,2022-08-15,0,real,2022-08-09,58.6,26.885714285714283,86.42857142857143,0
Malanday,2022-08-22,0,real,2022-08-16,128.3,26.357142857142858,89.0,0
Malanday,2022-08-29,1,real,2022-08-23,186.4,25.9,88.14285714285714,0
Malanday,2022-09-05,0,real,2022-08-30,110.2,26.1,85.71428571428571,0
Malanday,2022-09-12,1,real,2022-09-06,115.2,25.785714285714285,88.57142857142857,0
Malanday,2022-09-19,0,real,2022-09-13,105.6,26.085714285714285,87.71428571428571,0
Malanday,2022-09-26,0,real,2022-09-20,62.2,26.228571428571428,89.0,0
Malanday,2022-10-03,0,real,2022-09-27,73.39999999999999,26.585714285714285,86.85714285714286,0
Malanday,2022-10-10,0,real,2022-10-04,63.5,26.357142857142858,87.28571428571429,0
Malanday,2022-10-17,0,real,2022-10-11,241.3,25.285714285714285,90.71428571428572,0
Malanday,2022-10-24,0,real,2022-10-18,74.6,26.314285714285717,86.28571428571429,0
Malanday,2022-10-31,0,real,2022-10-25,43.4,26.7,86.28571428571429,0
Malanday,2022-11-07,0,real,2022-11-01,71.2,26.514285714285712,84.71428571428571,0
Malanday,2022-11-14,0,real,2022-11-08,125.9,26.0,89.57142857142857,0
Malanday,2022-11-21,0,real,2022-11-15,239.4,26.17142857142857,85.42857142857143,0
Malanday,2022-11-28,0,real,2022-11-22,97.7,26.02857142857143,87.57142857142857,0
Malanday,2022-12-05,0,real,2022-11-29,49.3,26.857142857142858,85.28571428571429,0
Malanday,2022-12-12,0,real,2022-12-06,45.8,26.814285714285717,84.28571428571429,0
Malanday,2022-12-19,0,real,2022-12-13,10.4,26.457142857142856,83.14285714285714,0
Malanday,2022-12-26,0,real,2022-12-20,21.7,27.042857142857144,81.28571428571429,0
Malanday,2023-01-02,0,real,2022-12-27,32.7,26.228571428571428,84.14285714285714,0
Malanday,2023-01-09,0,real,2023-01-03,16.4,26.385714285714283,82.57142857142857,0
Malanday,2023-01-16,0,real,2023-01-10,42.7,24.414285714285715,80.57142857142857,0
Malanday,2023-01-23,0,real,2023-01-17,44.2,24.728571428571428,79.0,0
Malanday,2023-01-30,0,real,2023-01-24,46.7,24.985714285714288,85.28571428571429,0
Malanday,2023-02-06,0,real,2023-01-31,79.4,24.65714285714285,81.57142857142857,0
Malanday,2023-02-13,0,real,2023-02-07,14.0,25.24285714285714,82.0,0
Malanday,2023-02-20,0,real,2023-02-14,15.3,24.65714285714285,76.57142857142857,0
Malanday,2023-02-27,0,real,2023-02-21,2.9,25.442857142857143,76.42857142857143,0
Malanday,2023-03-06,0,real,2023-02-28,9.0,25.928571428571427,76.57142857142857,0
Malanday,2023-03-13,0,real,2023-03-07,27.3,25.12857142857143,73.85714285714286,0
Malanday,2023-03-20,0,real,2023-03-14,30.7,25.728571428571428,79.57142857142857,0
Malanday,2023-03-27,0,real,2023-03-21,2.9,25.071428571428573,71.28571428571429,0
Malanday,2023-04-03,0,real,2023-03-28,5.4,24.985714285714288,69.71428571428571,0
Malanday,2023-04-10,0,real,2023-04-04,19.1,26.25714285714286,70.85714285714286,0
Malanday,2023-04-17,0,real,2023-04-11,3.4,28.071428571428573,66.42857142857143,0
Malanday,2023-04-24,0,real,2023-04-18,24.1,28.32857142857143,67.28571428571429,0
Malanday,2023-05-01,0,real,2023-04-25,13.7,28.185714285714287,65.85714285714286,0
Malanday,2023-05-08,0,real,2023-05-02,78.60000000000001,26.9,78.85714285714286,0
Malanday,2023-05-15,0,real,2023-05-09,13.5,28.17142857142857,77.0,0
Malanday,2023-05-22,0,real,2023-05-16,15.5,28.557142857142857,71.28571428571429,0
Malanday,2023-05-29,0,real,2023-05-23,8.2,30.071428571428573,65.0,0
Malanday,2023-06-05,0,real,2023-05-30,62.4,28.32857142857143,78.42857142857143,0
Malanday,2023-06-12,1,real,2023-06-06,61.3,28.014285714285712,82.42857142857143,0
Malanday,2023-06-19,5,real,2023-06-13,70.60000000000001,27.47142857142857,81.71428571428571,1
Malanday,2023-06-26,0,real,2023-06-20,49.9,27.914285714285715,80.71428571428571,0
Malanday,2023-07-03,0,real,2023-06-27,103.7,26.65714285714285,86.57142857142857,0
Malanday,2023-07-10,0,real,2023-07-04,44.3,27.557142857142857,82.85714285714286,0
Malanday,2023-07-17,0,real,2023-07-11,47.7,27.314285714285717,82.57142857142857,0
Malanday,2023-07-24,0,real,2023-07-18,84.8,26.928571428571427,86.57142857142857,0
Malanday,2023-07-31,0,real,2023-07-25,14.7,28.32857142857143,77.85714285714286,0
Malanday,2023-08-07,3,real,2023-08-01,163.6,26.342857142857145,87.42857142857143,0
Malanday,2023-08-14,0,real,2023-08-08,144.8,26.585714285714285,87.42857142857143,0
Malanday,2023-08-21,1,real,2023-08-15,152.6,26.042857142857144,89.57142857142857,0
Malanday,2023-08-28,0,real,2023-08-22,79.4,26.75714285714286,86.71428571428571,0
Malanday,2023-09-04,0,real,2023-08-29,33.3,27.442857142857143,85.42857142857143,0
Malanday,2023-09-11,0,real,2023-09-05,48.2,27.142857142857142,85.85714285714286,0
Malanday,2023-09-18,0,real,2023-09-12,69.8,26.37142857142857,87.71428571428571,0
Malanday,2023-09-25,0,real,2023-09-19,116.5,26.071428571428573,90.14285714285714,0
Malanday,2023-10-02,0,real,2023-09-26,82.9,26.714285714285715,87.42857142857143,0
Malanday,2023-10-09,0,real,2023-10-03,92.6,26.314285714285717,88.42857142857143,0
Malanday,2023-10-16,1,real,2023-10-10,85.0,26.32857142857143,88.42857142857143,0
Malanday,2023-10-23,0,real,2023-10-17,85.0,26.342857142857145,89.57142857142857,0
Malanday,2023-10-30,0,real,2023-10-24,65.0,26.24285714285714,89.0,0
Malanday,2023-11-06,1,real,2023-10-31,65.6,27.1,85.42857142857143,0
Malanday,2023-11-13,0,real,2023-11-07,122.2,26.17142857142857,89.0,0
Malanday,2023-11-20,1,real,2023-11-14,55.5,26.185714285714287,88.0,0
Malanday,2023-11-27,0,real,2023-11-21,73.7,26.27142857142857,86.85714285714286,0
Malanday,2023-12-04,1,real,2023-11-28,12.8,27.27142857142857,82.85714285714286,0
Malanday,2023-12-11,0,real,2023-12-05,5.4,26.65714285714285,77.71428571428571,0
Malanday,2023-12-18,0,real,2023-12-12,12.8,26.37142857142857,80.28571428571429,0
Malanday,2023-12-25,3,real,2023-12-19,5.4,27.314285714285717,79.57142857142857,0
Malanday,2024-01-01,6,real,2023-12-26,50.4,26.77142857142857,82.28571428571429,1
Malanday,2024-01-08,0,real,2024-01-02,23.2,26.75714285714286,78.42857142857143,0
Malanday,2024-01-15,0,real,2024-01-09,29.5,26.228571428571428,80.14285714285714,0
Malanday,2024-01-22,1,real,2024-01-16,15.8,26.442857142857143,82.0,0
Malanday,2024-01-29,0,real,2024-01-23,10.5,26.4,79.42857142857143,0
Malanday,2024-02-05,0,real,2024-01-30,6.5,26.12857142857143,74.85714285714286,0
Malanday,2024-02-12,1,real,2024-02-06,4.3,25.585714285714285,72.42857142857143,0
Malanday,2024-02-19,1,real,2024-02-13,17.9,25.042857142857144,71.85714285714286,0
Malanday,2024-02-26,1,real,2024-02-20,0.4,25.928571428571427,71.42857142857143,0
Malanday,2024-03-04,0,real,2024-02-27,1.0,26.62857142857143,69.57142857142857,0
Malanday,2024-03-11,1,real,2024-03-05,0.6,26.785714285714285,66.0,0
Malanday,2024-03-18,1,real,2024-03-12,1.6,27.457142857142856,66.57142857142857,0
Malanday,2024-03-25,0,real,2024-03-19,0.2,26.557142857142857,64.42857142857143,0
Malanday,2024-04-01,0,real,2024-03-26,0.4,27.685714285714287,63.42857142857143,0
Malanday,2024-04-08,1,real,2024-04-02,22.5,27.185714285714287,71.28571428571429,0
Malanday,2024-04-15,0,real,2024-04-09,9.3,27.042857142857144,68.85714285714286,0
Malanday,2024-04-22,0,real,2024-04-16,17.7,28.74285714285714,68.57142857142857,0
Malanday,2024-04-29,0,real,2024-04-23,0.9,29.12857142857143,63.42857142857143,0
Malanday,2024-05-06,0,real,2024-04-30,3.0,29.442857142857143,61.85714285714285,0
Malanday,2024-05-13,0,real,2024-05-07,0.0,30.12857142857143,57.85714285714285,0
Malanday,2024-05-20,0,real,2024-05-14,10.8,31.11428571428572,62.57142857142857,0
Malanday,2024-05-27,1,real,2024-05-21,3.5,31.12857142857143,59.71428571428572,0
Malanday,2024-06-03,0,real,2024-05-28,8.3,31.37142857142857,59.71428571428572,0
Malanday,2024-06-10,0,real,2024-06-04,50.9,29.414285714285715,75.28571428571429,0
Malanday,2024-06-17,0,real,2024-06-11,148.9,29.485714285714288,73.85714285714286,0
Malanday,2024-06-24,2,real,2024-06-18,56.0,28.314285714285717,82.85714285714286,0
Malanday,2024-07-01,3,real,2024-06-25,54.7,27.442857142857143,85.28571428571429,0
Malanday,2024-07-08,4,real,2024-07-02,49.8,27.928571428571427,83.42857142857143,1
Malanday,2024-07-15,11,real,2024-07-09,103.0,26.914285714285715,87.42857142857143,1
Malanday,2024-07-22,2,real,2024-07-16,63.8,27.5,84.28571428571429,0
Malanday,2024-07-29,4,real,2024-07-23,97.1,27.014285714285712,86.42857142857143,1
Malanday,2024-08-05,3,real,2024-07-30,74.4,26.642857142857142,87.28571428571429,0
Malanday,2024-08-12,5,real,2024-08-06,116.1,26.842857142857145,87.14285714285714,1
Malanday,2024-08-19,6,real,2024-08-13,203.4,26.014285714285712,90.42857142857144,1
Malanday,2024-08-26,9,real,2024-08-20,58.9,26.357142857142858,87.28571428571429,1
Malanday,2024-09-02,10,real,2024-08-27,86.19999999999999,26.685714285714287,88.42857142857143,1
Malanday,2024-09-09,11,real,2024-09-03,24.5,27.65714285714285,84.0,1
Malanday,2024-09-16,11,real,2024-09-10,97.8,26.814285714285717,88.28571428571429,1
Malanday,2024-09-23,4,real,2024-09-17,154.9,26.357142857142858,89.85714285714286,1
Malanday,2024-09-30,6,real,2024-09-24,194.7,26.11428571428572,88.14285714285714,1
Malanday,2024-10-07,11,real,2024-10-01,136.5,26.24285714285714,89.71428571428571,1
Malanday,2024-10-14,9,real,2024-10-08,101.2,26.057142857142857,88.71428571428571,1
Malanday,2024-10-21,4,real,2024-10-15,25.3,27.228571428571428,85.85714285714286,1
Malanday,2024-10-28,5,real,2024-10-22,96.7,26.485714285714288,87.57142857142857,1
Malanday,2024-11-04,7,real,2024-10-29,128.7,26.057142857142857,89.71428571428571,1
Malanday,2024-11-11,10,real,2024-11-05,51.6,26.957142857142856,85.85714285714286,1
Malanday,2024-11-18,7,real,2024-11-12,188.2,26.12857142857143,87.42857142857143,1
Malanday,2024-11-25,11,real,2024-11-19,17.3,26.514285714285712,85.71428571428571,1
Malanday,2024-12-02,5,real,2024-11-26,65.0,26.3,86.28571428571429,1
Malanday,2024-12-09,5,real,2024-12-03,47.3,26.957142857142856,83.71428571428571,1
Malanday,2024-12-16,5,real,2024-12-10,0.6000000000000001,27.457142857142856,77.71428571428571,1
Malanday,2024-12-23,3,real,2024-12-17,99.0,27.428571428571427,73.42857142857143,0
Malanday,2024-12-30,2,real,2024-12-24,66.8,26.485714285714288,87.14285714285714,0
Malanday,2025-01-06,7,real,2024-12-31,46.3,26.74285714285714,81.85714285714286,1
Malanday,2025-01-13,3,real,2025-01-07,22.3,26.17142857142857,77.0,0
Malanday,2025-01-20,8,real,2025-01-14,91.0,25.77142857142857,85.57142857142857,1
Malanday,2025-01-27,5,real,2025-01-21,33.9,25.928571428571427,85.85714285714286,1
Malanday,2025-02-03,4,real,2025-01-28,9.8,25.32857142857143,80.28571428571429,1
Malanday,2025-02-10,3,real,2025-02-04,8.100000000000001,25.75714285714286,81.57142857142857,0
Malanday,2025-02-17,2,real,2025-02-11,4.6,26.985714285714288,74.14285714285714,0
Malanday,2025-02-24,4,real,2025-02-18,41.6,25.685714285714287,74.57142857142857,1
Malanday,2025-03-03,0,real,2025-02-25,32.6,25.914285714285715,75.71428571428571,0
Malanday,2025-03-10,1,real,2025-03-04,73.2,25.485714285714288,86.42857142857143,0
Malanday,2025-03-17,4,real,2025-03-11,17.6,26.02857142857143,79.14285714285714,1
Malanday,2025-03-24,1,real,2025-03-18,3.0,26.87142857142857,66.85714285714286,0
Malanday,2025-03-31,0,real,2025-03-25,34.2,27.97142857142857,71.85714285714286,0
Malanday,2025-04-07,0,real,2025-04-01,3.3,28.514285714285712,64.57142857142857,0
Malanday,2025-04-14,3,real,2025-04-08,1.5,27.82857142857143,61.142857142857146,0
Malanday,2025-04-21,0,real,2025-04-15,21.1,28.885714285714283,67.71428571428571,0
Malanday,2025-04-28,2,real,2025-04-22,30.0,28.342857142857145,74.14285714285714,0
Malanday,2025-05-05,1,real,2025-04-29,5.7,30.214285714285715,63.85714285714285,0
Malanday,2025-05-12,1,real,2025-05-06,2.6,30.74285714285714,60.57142857142857,0
Malanday,2025-05-19,1,real,2025-05-13,2.8,31.15714285714285,56.71428571428572,0
Malanday,2025-05-26,0,real,2025-05-20,31.3,30.142857142857142,66.42857142857143,0
Malanday,2025-06-02,0,real,2025-05-27,62.1,28.0,80.85714285714286,0
Malanday,2025-06-09,1,real,2025-06-03,44.6,29.214285714285715,72.42857142857143,0
Malanday,2025-06-16,0,real,2025-06-10,3.2,31.714285714285715,56.142857142857146,0
Malanday,2025-06-23,0,real,2025-06-17,26.0,29.457142857142856,70.0,0
Malanday,2025-06-30,2,real,2025-06-24,104.4,26.928571428571427,86.85714285714286,0
Malanday,2025-07-07,0,real,2025-07-01,82.2,27.15714285714285,85.14285714285714,0
Malanday,2025-07-14,0,real,2025-07-08,96.8,26.6,87.14285714285714,0
Malanday,2025-07-21,0,real,2025-07-15,89.4,26.2,88.0,0
Malanday,2025-07-28,2,real,2025-07-22,143.9,25.97142857142857,89.42857142857143,0
Malanday,2025-08-04,2,real,2025-07-29,47.1,26.885714285714283,85.85714285714286,0
Malanday,2025-08-11,0,real,2025-08-05,121.4,26.142857142857142,89.71428571428571,0
Malanday,2025-08-18,1,real,2025-08-12,243.2,25.557142857142857,91.28571428571428,0
Malanday,2025-08-25,0,real,2025-08-19,24.4,27.77142857142857,77.57142857142857,0
Malanday,2025-09-01,3,real,2025-08-26,66.1,27.214285714285715,80.28571428571429,0
Malanday,2025-09-08,4,real,2025-09-02,97.5,26.1,87.57142857142857,1
Malanday,2025-09-15,2,real,2025-09-09,79.3,26.385714285714283,85.71428571428571,0
Malanday,2025-09-22,0,real,2025-09-16,117.1,25.61428571428572,89.57142857142857,0
Malanday,2025-09-29,4,real,2025-09-23,74.9,25.7,89.0,1
Malanday,2025-10-06,2,real,2025-09-30,108.7,25.642857142857142,90.71428571428572,0
Malanday,2025-10-13,3,real,2025-10-07,133.9,25.7,90.42857142857144,0
Malanday,2025-10-20,4,real,2025-10-14,108.0,25.74285714285714,88.42857142857143,1
Malanday,2025-10-27,3,real,2025-10-21,111.0,25.557142857142857,90.14285714285714,0
Malanday,2025-11-03,0,real,2025-10-28,79.6,26.057142857142857,87.57142857142857,0
Malanday,2025-11-10,0,real,2025-11-04,95.1,26.62857142857143,86.42857142857143,0
Malanday,2025-11-17,0,real,2025-11-11,52.5,27.414285714285715,84.57142857142857,0
Malanday,2025-11-24,0,real,2025-11-18,66.9,27.142857142857142,85.71428571428571,0
Malanday,2025-12-01,0,real,2025-11-25,111.7,26.457142857142856,84.42857142857143,0
Malanday,2025-12-08,0,real,2025-12-02,41.0,26.77142857142857,84.0,0
Malanday,2025-12-15,0,real,2025-12-09,13.9,27.37142857142857,80.71428571428571,0
Malanday,2025-12-22,0,real,2025-12-16,66.3,26.25714285714286,87.57142857142857,0
Malanday,2025-12-29,1,real,2025-12-23,15.0,25.542857142857144,82.57142857142857,0
Malanday,2026-01-05,4,real,2025-12-30,59.6,26.3,83.85714285714286,1
Malanday,2026-01-12,5,real,2026-01-06,49.3,25.714285714285715,85.57142857142857,1
Malanday,2026-01-19,0,real,2026-01-13,27.9,25.942857142857143,83.71428571428571,0
Malanday,2026-01-26,4,real,2026-01-20,32.2,25.514285714285712,79.85714285714286,1
Malanday,2026-02-02,3,real,2026-01-27,32.3,25.385714285714283,81.14285714285714,0
Malanday,2026-02-09,0,real,2026-02-03,4.9,25.27142857142857,79.85714285714286,0
Malanday,2026-02-16,5,real,2026-02-10,5.0,25.057142857142857,68.85714285714286,1
Malanday,2026-02-23,1,real,2026-02-17,14.8,25.1,72.14285714285714,0
Malanday,2026-03-02,0,real,2026-02-24,36.1,25.685714285714287,68.14285714285714,0
Malanday,2026-03-09,1,real,2026-03-03,42.5,25.571428571428573,77.0,0
Malanday,2026-03-16,0,real,2026-03-10,4.3,26.61428571428572,70.71428571428571,0
Malanday,2026-03-23,3,real,2026-03-17,2.8,27.74285714285714,64.71428571428571,0
Malanday,2026-03-30,1,real,2026-03-24,6.5,28.228571428571428,63.42857142857143,0
Nangka,2017-01-02,8,synthetic,2016-12-27,1.1,25.8,75.0,1
Nangka,2017-01-09,15,synthetic,2017-01-03,15.900000000000002,24.642857142857142,80.57142857142857,1
Nangka,2017-01-16,6,synthetic,2017-01-10,55.3,25.0,83.57142857142857,1
Nangka,2017-01-23,8,synthetic,2017-01-17,18.6,24.400000000000002,77.71428571428571,1
Nangka,2017-01-30,4,synthetic,2017-01-24,13.5,24.571428571428573,79.85714285714286,0
Nangka,2017-02-06,9,synthetic,2017-01-31,42.2,24.857142857142858,81.57142857142857,1
Nangka,2017-02-13,2,synthetic,2017-02-07,3.8,23.542857142857144,76.28571428571429,0
Nangka,2017-02-20,0,synthetic,2017-02-14,27.200000000000003,23.75714285714286,76.57142857142857,0
Nangka,2017-02-27,1,synthetic,2017-02-21,14.500000000000002,25.97142857142857,77.28571428571429,0
Nangka,2017-03-06,1,synthetic,2017-02-28,12.4,25.7,76.0,0
Nangka,2017-03-13,2,synthetic,2017-03-07,0.4,25.614285714285717,71.14285714285714,0
Nangka,2017-03-20,6,synthetic,2017-03-14,1.0,26.428571428571427,68.14285714285714,1
Nangka,2017-03-27,2,synthetic,2017-03-21,14.5,27.585714285714285,73.28571428571429,0
Nangka,2017-04-03,1,synthetic,2017-03-28,5.5,27.157142857142855,65.71428571428571,0
Nangka,2017-04-10,2,synthetic,2017-04-04,3.3000000000000003,27.928571428571427,65.28571428571429,0
Nangka,2017-04-17,1,synthetic,2017-04-11,11.4,28.82857142857143,65.85714285714286,0
Nangka,2017-04-24,1,synthetic,2017-04-18,22.2,28.87142857142857,73.14285714285714,0
Nangka,2017-05-01,4,synthetic,2017-04-25,7.7,29.114285714285717,69.57142857142857,0
Nangka,2017-05-08,3,synthetic,2017-05-02,20.8,29.057142857142857,71.0,0
Nangka,2017-05-15,0,synthetic,2017-05-09,6.1,30.114285714285717,63.142857142857146,0
Nangka,2017-05-22,1,synthetic,2017-05-16,56.1,28.528571428571432,78.71428571428571,0
Nangka,2017-05-29,1,synthetic,2017-05-23,124.1,27.342857142857145,85.85714285714286,0
Nangka,2017-06-05,2,synthetic,2017-05-30,77.5,27.8,84.14285714285714,0
Nangka,2017-06-12,2,synthetic,2017-06-06,55.3,27.442857142857143,83.14285714285714,0
Nangka,2017-06-19,3,synthetic,2017-06-13,23.5,28.042857142857144,80.85714285714286,0
Nangka,2017-06-26,1,synthetic,2017-06-20,40.5,27.485714285714288,83.57142857142857,0
Nangka,2017-07-03,3,synthetic,2017-06-27,100.4,26.714285714285715,86.0,0
Nangka,2017-07-10,2,synthetic,2017-07-04,43.7,26.842857142857145,84.14285714285714,0
Nangka,2017-07-17,2,synthetic,2017-07-11,56.4,26.257142857142856,86.28571428571429,0
Nangka,2017-07-24,2,synthetic,2017-07-18,137.39999999999998,26.228571428571428,87.0,0
Nangka,2017-07-31,7,synthetic,2017-07-25,171.4,25.957142857142856,90.71428571428571,1
Nangka,2017-08-07,8,synthetic,2017-08-01,140.3,26.442857142857143,89.0,1
Nangka,2017-08-14,2,synthetic,2017-08-08,54.6,27.25714285714286,85.71428571428571,0
Nangka,2017-08-21,7,synthetic,2017-08-15,108.0,26.685714285714287,87.42857142857143,1
Nangka,2017-08-28,5,synthetic,2017-08-22,128.70000000000002,26.02857142857143,87.57142857142857,1
Nangka,2017-09-04,9,synthetic,2017-08-29,78.1,26.614285714285717,87.42857142857143,1
Nangka,2017-09-11,12,synthetic,2017-09-05,46.2,26.857142857142858,86.14285714285714,1
Nangka,2017-09-18,13,synthetic,2017-09-12,148.6,26.75714285714286,86.57142857142857,1
Nangka,2017-09-25,7,synthetic,2017-09-19,79.8,26.32857142857143,87.28571428571429,1
Nangka,2017-10-02,14,synthetic,2017-09-26,52.3,26.185714285714287,89.0,1
Nangka,2017-10-09,5,synthetic,2017-10-03,150.2,26.071428571428573,89.28571428571429,1
Nangka,2017-10-16,12,synthetic,2017-10-10,159.1,25.97142857142857,90.42857142857143,1
Nangka,2017-10-23,5,synthetic,2017-10-17,23.8,26.657142857142855,86.42857142857143,1
Nangka,2017-10-30,10,synthetic,2017-10-24,26.9,26.0,83.71428571428571,1
Nangka,2017-11-06,3,synthetic,2017-10-31,99.80000000000001,26.114285714285717,86.0,0
Nangka,2017-11-13,6,synthetic,2017-11-07,82.9,26.5,83.85714285714286,1
Nangka,2017-11-20,6,synthetic,2017-11-14,16.7,26.714285714285715,83.85714285714286,1
Nangka,2017-11-27,9,synthetic,2017-11-21,8.0,26.771428571428572,80.14285714285714,1
Nangka,2017-12-04,4,synthetic,2017-11-28,9.5,27.014285714285712,80.85714285714286,0
Nangka,2017-12-11,8,synthetic,2017-12-05,59.9,26.042857142857144,82.71428571428571,1
Nangka,2017-12-18,8,synthetic,2017-12-12,45.6,24.12857142857143,80.57142857142857,1
Nangka,2017-12-25,3,synthetic,2017-12-19,48.6,25.87142857142857,81.28571428571429,0
Nangka,2018-01-01,11,synthetic,2017-12-26,32.0,24.957142857142856,80.71428571428571,1
Nangka,2018-01-08,21,synthetic,2018-01-02,10.5,25.5,80.71428571428571,1
Nangka,2018-01-15,9,synthetic,2018-01-09,4.0,24.37142857142857,76.28571428571429,1
Nangka,2018-01-22,13,synthetic,2018-01-16,76.3,25.342857142857145,82.0,1
Nangka,2018-01-29,9,synthetic,2018-01-23,199.4,24.87142857142857,85.57142857142857,1
Nangka,2018-02-05,9,synthetic,2018-01-30,13.399999999999999,24.585714285714285,79.71428571428571,1
Nangka,2018-02-12,6,synthetic,2018-02-06,11.0,24.685714285714287,80.85714285714286,1
Nangka,2018-02-19,6,synthetic,2018-02-13,1.9,25.914285714285715,75.28571428571429,1
Nangka,2018-02-26,8,synthetic,2018-02-20,6.8,26.357142857142858,72.71428571428571,1
Nangka,2018-03-05,0,synthetic,2018-02-27,10.7,26.900000000000002,76.14285714285714,0
Nangka,2018-03-12,4,synthetic,2018-03-06,31.6,26.071428571428573,72.71428571428571,0
Nangka,2018-03-19,5,synthetic,2018-03-13,10.5,26.414285714285715,71.28571428571429,1
Nangka,2018-03-26,3,synthetic,2018-03-20,10.100000000000001,25.74285714285714,68.14285714285714,0
Nangka,2018-04-02,5,synthetic,2018-03-27,13.3,26.12857142857143,70.71428571428571,1
Nangka,2018-04-09,4,synthetic,2018-04-03,53.7,26.857142857142858,72.0,0
Nangka,2018-04-16,2,synthetic,2018-04-10,20.2,28.17142857142857,73.0,0
Nangka,2018-04-23,1,synthetic,2018-04-17,3.8,28.771428571428572,65.85714285714286,0
Nangka,2018-04-30,2,synthetic,2018-04-24,19.1,29.014285714285712,67.42857142857143,0
Nangka,2018-05-07,3,synthetic,2018-05-01,10.5,29.75714285714286,64.42857142857143,0
Nangka,2018-05-14,2,synthetic,2018-05-08,12.7,29.585714285714285,66.0,0
Nangka,2018-05-21,2,synthetic,2018-05-15,7.7,29.8,67.0,0
Nangka,2018-05-28,2,synthetic,2018-05-22,17.3,29.442857142857143,71.0,0
Nangka,2018-06-04,8,synthetic,2018-05-29,28.599999999999998,29.228571428571428,70.28571428571429,1
Nangka,2018-06-11,2,synthetic,2018-06-05,249.3,26.32857142857143,89.85714285714286,0
Nangka,2018-06-18,2,synthetic,2018-06-12,116.9,26.457142857142856,89.57142857142857,0
Nangka,2018-06-25,1,synthetic,2018-06-19,87.19999999999999,26.37142857142857,87.28571428571429,0
Nangka,2018-07-02,7,synthetic,2018-06-26,47.1,26.214285714285715,88.71428571428571,1
Nangka,2018-07-09,6,synthetic,2018-07-03,110.2,26.214285714285715,88.71428571428571,1
Nangka,2018-07-16,6,synthetic,2018-07-10,304.4,25.342857142857145,92.42857142857143,1
Nangka,2018-07-23,4,synthetic,2018-07-17,225.5,25.52857142857143,93.0,0
Nangka,2018-07-30,7,synthetic,2018-07-24,170.0,25.357142857142858,92.28571428571429,1
Nangka,2018-08-06,12,synthetic,2018-07-31,159.4,26.014285714285712,90.14285714285714,1
Nangka,2018-08-13,6,synthetic,2018-08-07,226.1,25.52857142857143,91.85714285714286,1
Nangka,2018-08-20,22,synthetic,2018-08-14,139.6,25.8,90.28571428571429,1
Nangka,2018-08-27,5,synthetic,2018-08-21,57.0,26.185714285714287,88.71428571428571,1
Nangka,2018-09-03,13,synthetic,2018-08-28,89.8,25.957142857142856,88.14285714285714,1
Nangka,2018-09-10,19,synthetic,2018-09-04,178.79999999999998,25.75714285714286,90.28571428571429,1
Nangka,2018-09-17,10,synthetic,2018-09-11,130.4,25.75714285714286,90.42857142857143,1
Nangka,2018-09-24,12,synthetic,2018-09-18,41.8,26.17142857142857,87.14285714285714,1
Nangka,2018-10-01,21,synthetic,2018-09-25,28.9,26.557142857142857,86.71428571428571,1
Nangka,2018-10-08,25,synthetic,2018-10-02,46.4,25.87142857142857,86.14285714285714,1
Nangka,2018-10-15,14,synthetic,2018-10-09,54.6,26.642857142857142,86.14285714285714,1
Nangka,2018-10-22,4,synthetic,2018-10-16,31.7,26.3,84.42857142857143,0
Nangka,2018-10-29,15,synthetic,2018-10-23,9.899999999999999,26.157142857142855,78.57142857142857,1
Nangka,2018-11-05,11,synthetic,2018-10-30,48.2,26.585714285714285,83.0,1
Nangka,2018-11-12,10,synthetic,2018-11-06,2.2,26.114285714285717,78.57142857142857,1
Nangka,2018-11-19,9,synthetic,2018-11-13,6.4,26.099999999999998,77.0,1
Nangka,2018-11-26,12,synthetic,2018-11-20,15.799999999999999,25.914285714285715,80.71428571428571,1
Nangka,2018-12-03,9,synthetic,2018-11-27,2.3,25.87142857142857,77.85714285714286,1
Nangka,2018-12-10,5,synthetic,2018-12-04,9.1,26.571428571428573,77.71428571428571,1
Nangka,2018-12-17,6,synthetic,2018-12-11,12.0,26.414285714285715,75.57142857142857,1
Nangka,2018-12-24,5,synthetic,2018-12-18,142.8,25.02857142857143,83.71428571428571,1
Nangka,2019-01-07,15,synthetic,2019-01-01,6.699999999999999,24.685714285714287,81.57142857142857,1
Nangka,2019-01-14,11,synthetic,2019-01-08,1.6,24.557142857142857,79.57142857142857,1
Nangka,2019-01-21,18,synthetic,2019-01-15,1.0,23.82857142857143,78.42857142857143,1
Nangka,2019-01-28,2,synthetic,2019-01-22,2.0,24.214285714285715,75.0,0
Nangka,2019-02-04,7,synthetic,2019-01-29,1.9000000000000001,23.8,75.42857142857143,1
Nangka,2019-02-11,6,synthetic,2019-02-05,0.39999999999999997,24.75714285714286,72.42857142857143,1
Nangka,2019-02-18,5,synthetic,2019-02-12,0.7000000000000001,25.114285714285717,69.71428571428571,1
Nangka,2019-02-25,8,synthetic,2019-02-19,2.1,25.185714285714287,67.85714285714286,1
Nangka,2019-03-04,0,synthetic,2019-02-26,2.3,25.685714285714287,67.57142857142857,0
Nangka,2019-03-11,6,synthetic,2019-03-05,3.1,27.099999999999998,66.14285714285714,1
Nangka,2019-03-18,5,synthetic,2019-03-12,18.9,26.785714285714285,71.14285714285714,1
Nangka,2019-03-25,1,synthetic,2019-03-19,0.7,27.02857142857143,65.14285714285714,0
Nangka,2019-04-01,1,synthetic,2019-03-26,3.1,28.014285714285712,63.42857142857143,0
Nangka,2019-04-08,2,synthetic,2019-04-02,2.3,28.914285714285715,61.42857142857143,0
Nangka,2019-04-15,1,synthetic,2019-04-09,8.0,29.685714285714287,65.57142857142857,0
Nangka,2019-04-22,3,synthetic,2019-04-16,5.4,30.114285714285717,61.142857142857146,0
Nangka,2019-04-29,1,synthetic,2019-04-23,2.2,29.62857142857143,60.0,0
Nangka,2019-05-06,1,synthetic,2019-04-30,42.6,29.2,69.0,0
Nangka,2019-05-13,4,synthetic,2019-05-07,86.10000000000001,27.228571428571428,86.0,0
Nangka,2019-05-20,2,synthetic,2019-05-14,19.7,28.885714285714283,77.71428571428571,0
Nangka,2019-05-27,3,synthetic,2019-05-21,52.4,27.37142857142857,83.57142857142857,0
Nangka,2019-06-03,8,synthetic,2019-05-28,14.100000000000001,28.814285714285713,77.57142857142857,1
Nangka,2019-06-10,2,synthetic,2019-06-04,31.9,29.485714285714288,72.57142857142857,0
Nangka,2019-06-17,5,synthetic,2019-06-11,80.1,27.957142857142856,84.85714285714286,1
Nangka,2019-06-24,3,synthetic,2019-06-18,44.3,28.157142857142855,82.42857142857143,0
Nangka,2019-07-01,14,synthetic,2019-06-25,192.4,26.114285714285717,91.42857142857143,1
Nangka,2019-07-08,7,synthetic,2019-07-02,56.800000000000004,27.099999999999998,84.42857142857143,1
Nangka,2019-07-15,9,synthetic,2019-07-09,51.3,26.97142857142857,86.85714285714286,1
Nangka,2019-07-22,4,synthetic,2019-07-16,113.4,26.314285714285713,89.71428571428571,0
Nangka,2019-07-29,8,synthetic,2019-07-23,187.3,25.857142857142858,91.0,1
Nangka,2019-08-05,9,synthetic,2019-07-30,294.3,25.542857142857144,92.0,1
Nangka,2019-08-12,6,synthetic,2019-08-06,121.7,26.385714285714283,89.0,1
Nangka,2019-08-19,12,synthetic,2019-08-13,49.599999999999994,27.099999999999998,87.0,1
Nangka,2019-08-26,12,synthetic,2019-08-20,181.3,25.957142857142856,91.28571428571429,1
Nangka,2019-09-02,11,synthetic,2019-08-27,132.9,25.585714285714285,90.28571428571429,1
Nangka,2019-09-09,13,synthetic,2019-09-03,85.0,26.37142857142857,88.28571428571429,1
Nangka,2019-09-16,22,synthetic,2019-09-10,407.79999999999995,25.12857142857143,93.14285714285714,1
Nangka,2019-09-23,21,synthetic,2019-09-17,133.79999999999998,25.542857142857144,88.57142857142857,1
Nangka,2019-09-30,26,synthetic,2019-09-24,43.5,26.642857142857142,87.0,1
Nangka,2019-10-07,24,synthetic,2019-10-01,32.8,26.142857142857142,86.42857142857143,1
Nangka,2019-10-14,12,synthetic,2019-10-08,16.400000000000002,26.400000000000002,81.57142857142857,1
Nangka,2019-10-21,12,synthetic,2019-10-15,13.7,26.957142857142856,79.42857142857143,1
Nangka,2019-10-28,15,synthetic,2019-10-22,21.2,26.914285714285715,80.42857142857143,1
Nangka,2019-11-04,11,synthetic,2019-10-29,124.0,26.485714285714288,85.85714285714286,1
Nangka,2019-11-11,10,synthetic,2019-11-05,64.6,26.014285714285712,85.71428571428571,1
Nangka,2019-11-18,14,synthetic,2019-11-12,15.3,25.942857142857143,83.85714285714286,1
Nangka,2019-11-25,12,synthetic,2019-11-19,48.4,26.442857142857143,84.71428571428571,1
Nangka,2019-12-02,0,synthetic,2019-11-26,2.7,25.542857142857144,78.0,0
Nangka,2019-12-09,14,synthetic,2019-12-03,73.3,25.642857142857142,82.0,1
Nangka,2019-12-16,13,synthetic,2019-12-10,2.9,25.900000000000002,79.14285714285714,1
Nangka,2019-12-23,8,synthetic,2019-12-17,6.0,26.02857142857143,77.42857142857143,1
Nangka,2019-12-30,14,synthetic,2019-12-24,26.400000000000002,25.97142857142857,78.14285714285714,1
Nangka,2020-01-06,3,synthetic,2019-12-31,3.0,25.67142857142857,74.85714285714286,0
Nangka,2020-01-13,4,synthetic,2020-01-07,15.8,25.52857142857143,79.14285714285714,0
Nangka,2020-01-20,3,synthetic,2020-01-14,10.0,25.928571428571427,77.71428571428571,0
Nangka,2020-01-27,1,synthetic,2020-01-21,7.8,25.32857142857143,76.14285714285714,0
Nangka,2020-02-03,0,synthetic,2020-01-28,2.2,24.714285714285715,70.85714285714286,0
Nangka,2020-02-10,1,synthetic,2020-02-04,12.9,25.37142857142857,74.0,0
Nangka,2020-02-17,1,synthetic,2020-02-11,3.2,25.557142857142857,69.57142857142857,0
Nangka,2020-02-24,0,synthetic,2020-02-18,0.5,25.37142857142857,65.85714285714286,0
Nangka,2020-03-02,0,synthetic,2020-02-25,1.1,26.32857142857143,66.85714285714286,0
Nangka,2020-03-09,1,synthetic,2020-03-03,3.7,27.8,67.57142857142857,0
Nangka,2020-03-16,1,synthetic,2020-03-10,10.6,27.957142857142856,67.28571428571429,0
Nangka,2020-03-23,1,synthetic,2020-03-17,5.8,28.17142857142857,63.857142857142854,0
Nangka,2020-03-30,0,synthetic,2020-03-24,3.1,28.542857142857144,61.714285714285715,0
Nangka,2020-04-06,0,synthetic,2020-03-31,2.5,28.714285714285715,61.285714285714285,0
Nangka,2020-04-13,0,synthetic,2020-04-07,38.199999999999996,28.485714285714288,70.14285714285714,0
Nangka,2020-04-20,0,synthetic,2020-04-14,18.0,28.599999999999998,70.42857142857143,0
Nangka,2020-04-27,1,synthetic,2020-04-21,4.300000000000001,30.185714285714287,62.142857142857146,0
Nangka,2020-05-04,0,synthetic,2020-04-28,11.9,30.042857142857144,62.142857142857146,0
Nangka,2020-05-11,0,synthetic,2020-05-05,13.5,30.842857142857145,66.28571428571429,0
Nangka,2020-05-18,2,synthetic,2020-05-12,184.6,28.32857142857143,79.85714285714286,0
Nangka,2020-05-25,0,synthetic,2020-05-19,43.1,28.357142857142858,82.71428571428571,0
Nangka,2020-06-01,4,synthetic,2020-05-26,29.6,28.114285714285717,80.85714285714286,0
Nangka,2020-06-08,0,synthetic,2020-06-02,7.800000000000001,29.442857142857143,72.71428571428571,0
Nangka,2020-06-15,2,synthetic,2020-06-09,135.5,27.25714285714286,83.71428571428571,0
Nangka,2020-06-22,0,synthetic,2020-06-16,37.8,27.642857142857142,84.28571428571429,0
Nangka,2020-06-29,3,synthetic,2020-06-23,44.2,27.74285714285714,82.71428571428571,0
Nangka,2020-07-06,3,synthetic,2020-06-30,59.3,27.3,83.0,0
Nangka,2020-07-13,3,synthetic,2020-07-07,77.7,27.24285714285714,85.14285714285714,0
Nangka,2020-07-20,1,synthetic,2020-07-14,20.4,27.900000000000002,78.71428571428571,0
Nangka,2020-07-27,3,synthetic,2020-07-21,73.5,27.485714285714288,84.0,0
Nangka,2020-08-03,2,synthetic,2020-07-28,133.0,26.099999999999998,88.85714285714286,0
Nangka,2020-08-10,0,synthetic,2020-08-04,103.3,26.7,87.71428571428571,0
Nangka,2020-08-17,3,synthetic,2020-08-11,75.7,26.271428571428572,88.42857142857143,0
Nangka,2020-08-24,2,synthetic,2020-08-18,141.4,26.52857142857143,88.71428571428571,0
Nangka,2020-08-31,3,synthetic,2020-08-25,54.8,27.2,85.85714285714286,0
Nangka,2020-09-07,3,synthetic,2020-09-01,44.4,27.414285714285715,85.71428571428571,0
Nangka,2020-09-14,2,synthetic,2020-09-08,48.900000000000006,26.957142857142856,87.14285714285714,0
Nangka,2020-09-21,2,synthetic,2020-09-15,65.5,26.5,88.14285714285714,0
Nangka,2020-09-28,6,synthetic,2020-09-22,90.9,26.75714285714286,87.0,1
Nangka,2020-10-05,1,synthetic,2020-09-29,56.9,26.842857142857145,87.28571428571429,0
Nangka,2020-10-12,6,synthetic,2020-10-06,187.3,26.157142857142855,90.14285714285714,1
Nangka,2020-10-19,2,synthetic,2020-10-13,89.7,26.014285714285712,88.14285714285714,0
Nangka,2020-10-26,4,synthetic,2020-10-20,307.0,25.914285714285715,89.28571428571429,0
Nangka,2020-11-02,3,synthetic,2020-10-27,50.8,26.099999999999998,83.85714285714286,0
Nangka,2020-11-09,2,synthetic,2020-11-03,106.4,25.914285714285715,88.0,0
Nangka,2020-11-16,5,synthetic,2020-11-10,340.3,26.32857142857143,86.14285714285714,1
Nangka,2020-11-23,2,synthetic,2020-11-17,3.5,26.3,80.0,0
Nangka,2020-11-30,0,synthetic,2020-11-24,43.199999999999996,25.771428571428572,82.28571428571429,0
Nangka,2020-12-07,3,synthetic,2020-12-01,42.2,26.12857142857143,83.57142857142857,0
Nangka,2020-12-14,1,synthetic,2020-12-08,54.0,26.142857142857142,87.28571428571429,0
Nangka,2020-12-21,2,synthetic,2020-12-15,93.8,25.571428571428573,86.71428571428571,0
Nangka,2020-12-28,4,synthetic,2020-12-22,80.0,25.485714285714288,86.14285714285714,0
Nangka,2021-01-04,1,synthetic,2020-12-29,51.5,25.071428571428573,83.71428571428571,0
Nangka,2021-01-11,6,synthetic,2021-01-05,2.4,24.74285714285714,79.71428571428571,1
Nangka,2021-01-18,4,synthetic,2021-01-12,11.899999999999999,24.599999999999998,78.85714285714286,0
Nangka,2021-01-25,4,synthetic,2021-01-19,96.0,25.157142857142855,89.28571428571429,0
Nangka,2021-02-01,2,synthetic,2021-01-26,13.5,24.014285714285712,80.85714285714286,0
Nangka,2021-02-08,2,synthetic,2021-02-02,4.2,24.942857142857143,80.14285714285714,0
Nangka,2021-02-15,2,synthetic,2021-02-09,45.7,25.02857142857143,86.14285714285714,0
Nangka,2021-02-22,1,synthetic,2021-02-16,36.1,23.400000000000002,79.14285714285714,0
Nangka,2021-03-01,0,synthetic,2021-02-23,71.60000000000001,25.74285714285714,83.85714285714286,0
Nangka,2021-03-08,1,synthetic,2021-03-02,4.9,25.928571428571427,77.71428571428571,0
Nangka,2021-03-15,2,synthetic,2021-03-09,18.2,25.400000000000002,79.71428571428571,0
Nangka,2021-03-22,1,synthetic,2021-03-16,33.2,26.900000000000002,82.85714285714286,0
Nangka,2021-03-29,0,synthetic,2021-03-23,4.7,27.2,75.71428571428571,0
Nangka,2021-04-05,0,synthetic,2021-03-30,2.2,27.52857142857143,69.42857142857143,0
Nangka,2021-04-12,1,synthetic,2021-04-06,6.1,27.614285714285717,67.57142857142857,0
Nangka,2021-04-19,2,synthetic,2021-04-13,14.700000000000001,27.942857142857143,72.14285714285714,0
Nangka,2021-04-26,0,synthetic,2021-04-20,14.7,27.714285714285715,75.0,0
Nangka,2021-05-03,0,synthetic,2021-04-27,9.5,27.785714285714285,71.57142857142857,0
Nangka,2021-05-10,0,synthetic,2021-05-04,2.7,29.75714285714286,67.14285714285714,0
Nangka,2021-05-17,0,synthetic,2021-05-11,2.3,30.414285714285715,63.714285714285715,0
Nangka,2021-05-24,4,synthetic,2021-05-18,22.099999999999998,29.7,69.28571428571429,0
Nangka,2021-05-31,0,synthetic,2021-05-25,23.2,30.014285714285712,71.0,0
Nangka,2021-06-07,5,synthetic,2021-06-01,131.4,27.900000000000002,83.71428571428571,1
Nangka,2021-06-14,2,synthetic,2021-06-08,59.0,26.771428571428572,84.71428571428571,0
Nangka,2021-06-21,2,synthetic,2021-06-15,45.1,27.75714285714286,82.57142857142857,0
Nangka,2021-06-28,1,synthetic,2021-06-22,82.4,26.97142857142857,84.85714285714286,0
Nangka,2021-07-05,2,synthetic,2021-06-29,75.5,27.32857142857143,83.85714285714286,0
Nangka,2021-07-12,2,synthetic,2021-07-06,39.4,27.599999999999998,81.42857142857143,0
Nangka,2021-07-19,4,synthetic,2021-07-13,148.7,26.62857142857143,88.0,0
Nangka,2021-07-26,1,synthetic,2021-07-20,227.5,25.914285714285715,93.0,0
Nangka,2021-08-02,3,synthetic,2021-07-27,140.8,26.52857142857143,91.0,0
Nangka,2021-08-09,2,synthetic,2021-08-03,69.9,26.942857142857143,89.14285714285714,0
Nangka,2021-08-16,3,synthetic,2021-08-10,59.1,26.342857142857145,87.28571428571429,0
Nangka,2021-08-23,7,synthetic,2021-08-17,88.2,26.571428571428573,87.42857142857143,1
Nangka,2021-08-30,1,synthetic,2021-08-24,91.1,26.214285714285715,88.14285714285714,0
Nangka,2021-09-06,2,synthetic,2021-08-31,67.9,26.3,88.28571428571429,0
Nangka,2021-09-13,3,synthetic,2021-09-07,229.0,25.857142857142858,90.28571428571429,0
Nangka,2021-09-20,2,synthetic,2021-09-14,49.2,26.62857142857143,87.85714285714286,0
Nangka,2021-09-27,4,synthetic,2021-09-21,30.9,27.157142857142855,84.0,0
Nangka,2021-10-04,2,synthetic,2021-09-28,89.0,26.614285714285717,89.14285714285714,0
Nangka,2021-10-11,6,synthetic,2021-10-05,54.7,26.47142857142857,86.14285714285714,1
Nangka,2021-10-18,7,synthetic,2021-10-12,149.8,25.957142857142856,89.57142857142857,1
Nangka,2021-10-25,2,synthetic,2021-10-19,49.2,26.12857142857143,87.28571428571429,0
Nangka,2021-11-01,6,synthetic,2021-10-26,2.2,26.542857142857144,79.42857142857143,1
Nangka,2021-11-08,1,synthetic,2021-11-02,7.7,27.014285714285712,80.42857142857143,0
Nangka,2021-11-15,4,synthetic,2021-11-09,28.7,27.157142857142855,80.0,0
Nangka,2021-11-22,3,synthetic,2021-11-16,41.6,26.842857142857145,82.57142857142857,0
Nangka,2021-11-29,6,synthetic,2021-11-23,51.7,26.17142857142857,86.28571428571429,1
Nangka,2021-12-06,0,synthetic,2021-11-30,12.7,25.47142857142857,75.57142857142857,0
Nangka,2021-12-13,4,synthetic,2021-12-07,0.6000000000000001,25.5,75.14285714285714,0
Nangka,2021-12-20,1,synthetic,2021-12-14,44.2,25.8,80.71428571428571,0
Nangka,2021-12-27,3,synthetic,2021-12-21,49.3,25.47142857142857,84.71428571428571,0
Nangka,2022-01-24,0,real,2022-01-18,0.0,23.8,77.0,0
Nangka,2022-01-31,0,real,2022-01-25,7.6,24.557142857142857,76.71428571428571,0
Nangka,2022-02-07,0,real,2022-02-01,3.4000000000000004,24.37142857142857,76.0,0
Nangka,2022-02-14,0,real,2022-02-08,18.1,24.957142857142856,76.28571428571429,0
Nangka,2022-02-21,0,real,2022-02-15,27.6,26.24285714285714,79.57142857142857,0
Nangka,2022-02-28,0,real,2022-02-22,2.7,25.67142857142857,73.42857142857143,0
Nangka,2022-03-07,0,real,2022-03-01,20.3,26.342857142857145,74.71428571428571,0
Nangka,2022-03-14,0,real,2022-03-08,27.6,26.385714285714283,77.42857142857143,0
Nangka,2022-03-21,0,real,2022-03-15,15.5,26.61428571428572,74.28571428571429,0
Nangka,2022-03-28,0,real,2022-03-22,2.7,27.414285714285715,68.42857142857143,0
Nangka,2022-04-04,0,real,2022-03-29,36.3,27.428571428571427,69.85714285714286,0
Nangka,2022-04-11,0,real,2022-04-05,43.5,27.714285714285715,78.42857142857143,0
Nangka,2022-04-18,0,real,2022-04-12,4.0,29.1,68.28571428571429,0
Nangka,2022-04-25,0,real,2022-04-19,7.4,28.62857142857143,66.57142857142857,0
Nangka,2022-05-02,0,real,2022-04-26,96.6,27.285714285714285,76.42857142857143,0
Nangka,2022-05-09,0,real,2022-05-03,59.2,26.942857142857143,78.85714285714286,0
Nangka,2022-05-16,0,real,2022-05-10,9.1,27.914285714285715,73.57142857142857,0
Nangka,2022-05-23,0,real,2022-05-17,21.7,29.02857142857143,70.57142857142857,0
Nangka,2022-05-30,0,real,2022-05-24,5.9,29.885714285714283,63.142857142857146,0
Nangka,2022-06-06,0,real,2022-05-31,37.3,29.857142857142858,65.28571428571429,0
Nangka,2022-06-13,0,real,2022-06-07,116.9,26.32857142857143,86.28571428571429,0
Nangka,2022-06-20,0,real,2022-06-14,61.1,27.285714285714285,81.57142857142857,0
Nangka,2022-06-27,0,real,2022-06-21,37.3,27.3,81.85714285714286,0
Nangka,2022-07-04,0,real,2022-06-28,40.7,27.985714285714288,78.85714285714286,0
Nangka,2022-07-11,0,real,2022-07-05,42.7,27.82857142857143,79.42857142857143,0
Nangka,2022-07-18,0,real,2022-07-12,78.2,26.9,83.0,0
Nangka,2022-07-25,0,real,2022-07-19,123.0,26.514285714285712,85.85714285714286,0
Nangka,2022-08-01,0,real,2022-07-26,142.6,26.32857142857143,88.0,0
Nangka,2022-08-08,0,real,2022-08-02,127.3,26.62857142857143,87.0,0
Nangka,2022-08-15,0,real,2022-08-09,58.6,26.885714285714283,86.42857142857143,0
Nangka,2022-08-22,0,real,2022-08-16,128.3,26.357142857142858,89.0,0
Nangka,2022-08-29,1,real,2022-08-23,186.4,25.9,88.14285714285714,0
Nangka,2022-09-05,0,real,2022-08-30,110.2,26.1,85.71428571428571,0
Nangka,2022-09-12,2,real,2022-09-06,115.2,25.785714285714285,88.57142857142857,0
Nangka,2022-09-19,0,real,2022-09-13,105.6,26.085714285714285,87.71428571428571,0
Nangka,2022-09-26,0,real,2022-09-20,62.2,26.228571428571428,89.0,0
Nangka,2022-10-03,0,real,2022-09-27,73.39999999999999,26.585714285714285,86.85714285714286,0
Nangka,2022-10-10,1,real,2022-10-04,63.5,26.357142857142858,87.28571428571429,0
Nangka,2022-10-17,2,real,2022-10-11,241.3,25.285714285714285,90.71428571428572,0
Nangka,2022-10-24,1,real,2022-10-18,74.6,26.314285714285717,86.28571428571429,0
Nangka,2022-10-31,3,real,2022-10-25,43.4,26.7,86.28571428571429,0
Nangka,2022-11-07,0,real,2022-11-01,71.2,26.514285714285712,84.71428571428571,0
Nangka,2022-11-14,2,real,2022-11-08,125.9,26.0,89.57142857142857,0
Nangka,2022-11-21,2,real,2022-11-15,239.4,26.17142857142857,85.42857142857143,0
Nangka,2022-11-28,0,real,2022-11-22,97.7,26.02857142857143,87.57142857142857,0
Nangka,2022-12-05,0,real,2022-11-29,49.3,26.857142857142858,85.28571428571429,0
Nangka,2022-12-12,2,real,2022-12-06,45.8,26.814285714285717,84.28571428571429,0
Nangka,2022-12-19,1,real,2022-12-13,10.4,26.457142857142856,83.14285714285714,0
Nangka,2022-12-26,1,real,2022-12-20,21.7,27.042857142857144,81.28571428571429,0
Nangka,2023-01-02,0,real,2022-12-27,32.7,26.228571428571428,84.14285714285714,0
Nangka,2023-01-09,1,real,2023-01-03,16.4,26.385714285714283,82.57142857142857,0
Nangka,2023-01-16,0,real,2023-01-10,42.7,24.414285714285715,80.57142857142857,0
Nangka,2023-01-23,0,real,2023-01-17,44.2,24.728571428571428,79.0,0
Nangka,2023-01-30,1,real,2023-01-24,46.7,24.985714285714288,85.28571428571429,0
Nangka,2023-02-06,1,real,2023-01-31,79.4,24.65714285714285,81.57142857142857,0
Nangka,2023-02-13,1,real,2023-02-07,14.0,25.24285714285714,82.0,0
Nangka,2023-02-20,0,real,2023-02-14,15.3,24.65714285714285,76.57142857142857,0
Nangka,2023-02-27,0,real,2023-02-21,2.9,25.442857142857143,76.42857142857143,0
Nangka,2023-03-06,2,real,2023-02-28,9.0,25.928571428571427,76.57142857142857,0
Nangka,2023-03-13,0,real,2023-03-07,27.3,25.12857142857143,73.85714285714286,0
Nangka,2023-03-20,4,real,2023-03-14,30.7,25.728571428571428,79.57142857142857,0
Nangka,2023-03-27,0,real,2023-03-21,2.9,25.071428571428573,71.28571428571429,0
Nangka,2023-04-03,0,real,2023-03-28,5.4,24.985714285714288,69.71428571428571,0
Nangka,2023-04-10,0,real,2023-04-04,19.1,26.25714285714286,70.85714285714286,0
Nangka,2023-04-17,1,real,2023-04-11,3.4,28.071428571428573,66.42857142857143,0
Nangka,2023-04-24,1,real,2023-04-18,24.1,28.32857142857143,67.28571428571429,0
Nangka,2023-05-01,0,real,2023-04-25,13.7,28.185714285714287,65.85714285714286,0
Nangka,2023-05-08,0,real,2023-05-02,78.60000000000001,26.9,78.85714285714286,0
Nangka,2023-05-15,0,real,2023-05-09,13.5,28.17142857142857,77.0,0
Nangka,2023-05-22,1,real,2023-05-16,15.5,28.557142857142857,71.28571428571429,0
Nangka,2023-05-29,0,real,2023-05-23,8.2,30.071428571428573,65.0,0
Nangka,2023-06-05,17,real,2023-05-30,62.4,28.32857142857143,78.42857142857143,1
Nangka,2023-06-12,0,real,2023-06-06,61.3,28.014285714285712,82.42857142857143,0
Nangka,2023-06-19,2,real,2023-06-13,70.60000000000001,27.47142857142857,81.71428571428571,0
Nangka,2023-06-26,1,real,2023-06-20,49.9,27.914285714285715,80.71428571428571,0
Nangka,2023-07-03,6,real,2023-06-27,103.7,26.65714285714285,86.57142857142857,1
Nangka,2023-07-10,3,real,2023-07-04,44.3,27.557142857142857,82.85714285714286,0
Nangka,2023-07-17,0,real,2023-07-11,47.7,27.314285714285717,82.57142857142857,0
Nangka,2023-07-24,0,real,2023-07-18,84.8,26.928571428571427,86.57142857142857,0
Nangka,2023-07-31,0,real,2023-07-25,14.7,28.32857142857143,77.85714285714286,0
Nangka,2023-08-07,4,real,2023-08-01,163.6,26.342857142857145,87.42857142857143,0
Nangka,2023-08-14,1,real,2023-08-08,144.8,26.585714285714285,87.42857142857143,0
Nangka,2023-08-21,1,real,2023-08-15,152.6,26.042857142857144,89.57142857142857,0
Nangka,2023-08-28,0,real,2023-08-22,79.4,26.75714285714286,86.71428571428571,0
Nangka,2023-09-04,1,real,2023-08-29,33.3,27.442857142857143,85.42857142857143,0
Nangka,2023-09-11,6,real,2023-09-05,48.2,27.142857142857142,85.85714285714286,1
Nangka,2023-09-18,10,real,2023-09-12,69.8,26.37142857142857,87.71428571428571,1
Nangka,2023-09-25,2,real,2023-09-19,116.5,26.071428571428573,90.14285714285714,0
Nangka,2023-10-02,28,real,2023-09-26,82.9,26.714285714285715,87.42857142857143,1
Nangka,2023-10-09,2,real,2023-10-03,92.6,26.314285714285717,88.42857142857143,0
Nangka,2023-10-16,10,real,2023-10-10,85.0,26.32857142857143,88.42857142857143,1
Nangka,2023-10-23,2,real,2023-10-17,85.0,26.342857142857145,89.57142857142857,0
Nangka,2023-10-30,3,real,2023-10-24,65.0,26.24285714285714,89.0,0
Nangka,2023-11-06,1,real,2023-10-31,65.6,27.1,85.42857142857143,0
Nangka,2023-11-13,1,real,2023-11-07,122.2,26.17142857142857,89.0,0
Nangka,2023-11-20,6,real,2023-11-14,55.5,26.185714285714287,88.0,1
Nangka,2023-11-27,2,real,2023-11-21,73.7,26.27142857142857,86.85714285714286,0
Nangka,2023-12-04,1,real,2023-11-28,12.8,27.27142857142857,82.85714285714286,0
Nangka,2023-12-11,2,real,2023-12-05,5.4,26.65714285714285,77.71428571428571,0
Nangka,2023-12-18,3,real,2023-12-12,12.8,26.37142857142857,80.28571428571429,0
Nangka,2023-12-25,3,real,2023-12-19,5.4,27.314285714285717,79.57142857142857,0
Nangka,2024-01-01,5,real,2023-12-26,50.4,26.77142857142857,82.28571428571429,1
Nangka,2024-01-08,11,real,2024-01-02,23.2,26.75714285714286,78.42857142857143,1
Nangka,2024-01-15,0,real,2024-01-09,29.5,26.228571428571428,80.14285714285714,0
Nangka,2024-01-22,8,real,2024-01-16,15.8,26.442857142857143,82.0,1
Nangka,2024-01-29,0,real,2024-01-23,10.5,26.4,79.42857142857143,0
Nangka,2024-02-05,1,real,2024-01-30,6.5,26.12857142857143,74.85714285714286,0
Nangka,2024-02-12,2,real,2024-02-06,4.3,25.585714285714285,72.42857142857143,0
Nangka,2024-02-19,0,real,2024-02-13,17.9,25.042857142857144,71.85714285714286,0
Nangka,2024-02-26,2,real,2024-02-20,0.4,25.928571428571427,71.42857142857143,0
Nangka,2024-03-04,2,real,2024-02-27,1.0,26.62857142857143,69.57142857142857,0
Nangka,2024-03-11,2,real,2024-03-05,0.6,26.785714285714285,66.0,0
Nangka,2024-03-18,0,real,2024-03-12,1.6,27.457142857142856,66.57142857142857,0
Nangka,2024-03-25,1,real,2024-03-19,0.2,26.557142857142857,64.42857142857143,0
Nangka,2024-04-01,2,real,2024-03-26,0.4,27.685714285714287,63.42857142857143,0
Nangka,2024-04-08,0,real,2024-04-02,22.5,27.185714285714287,71.28571428571429,0
Nangka,2024-04-15,0,real,2024-04-09,9.3,27.042857142857144,68.85714285714286,0
Nangka,2024-04-22,0,real,2024-04-16,17.7,28.74285714285714,68.57142857142857,0
Nangka,2024-04-29,2,real,2024-04-23,0.9,29.12857142857143,63.42857142857143,0
Nangka,2024-05-06,0,real,2024-04-30,3.0,29.442857142857143,61.85714285714285,0
Nangka,2024-05-13,1,real,2024-05-07,0.0,30.12857142857143,57.85714285714285,0
Nangka,2024-05-20,0,real,2024-05-14,10.8,31.11428571428572,62.57142857142857,0
Nangka,2024-05-27,0,real,2024-05-21,3.5,31.12857142857143,59.71428571428572,0
Nangka,2024-06-03,1,real,2024-05-28,8.3,31.37142857142857,59.71428571428572,0
Nangka,2024-06-10,0,real,2024-06-04,50.9,29.414285714285715,75.28571428571429,0
Nangka,2024-06-17,0,real,2024-06-11,148.9,29.485714285714288,73.85714285714286,0
Nangka,2024-06-24,0,real,2024-06-18,56.0,28.314285714285717,82.85714285714286,0
Nangka,2024-07-01,1,real,2024-06-25,54.7,27.442857142857143,85.28571428571429,0
Nangka,2024-07-08,1,real,2024-07-02,49.8,27.928571428571427,83.42857142857143,0
Nangka,2024-07-15,3,real,2024-07-09,103.0,26.914285714285715,87.42857142857143,0
Nangka,2024-07-22,2,real,2024-07-16,63.8,27.5,84.28571428571429,0
Nangka,2024-07-29,4,real,2024-07-23,97.1,27.014285714285712,86.42857142857143,0
Nangka,2024-08-05,7,real,2024-07-30,74.4,26.642857142857142,87.28571428571429,1
Nangka,2024-08-12,0,real,2024-08-06,116.1,26.842857142857145,87.14285714285714,0
Nangka,2024-08-19,5,real,2024-08-13,203.4,26.014285714285712,90.42857142857144,1
Nangka,2024-08-26,0,real,2024-08-20,58.9,26.357142857142858,87.28571428571429,0
Nangka,2024-09-02,8,real,2024-08-27,86.19999999999999,26.685714285714287,88.42857142857143,1
Nangka,2024-09-09,5,real,2024-09-03,24.5,27.65714285714285,84.0,1
Nangka,2024-09-16,4,real,2024-09-10,97.8,26.814285714285717,88.28571428571429,0
Nangka,2024-09-23,8,real,2024-09-17,154.9,26.357142857142858,89.85714285714286,1
Nangka,2024-09-30,7,real,2024-09-24,194.7,26.11428571428572,88.14285714285714,1
Nangka,2024-10-07,4,real,2024-10-01,136.5,26.24285714285714,89.71428571428571,0
Nangka,2024-10-14,3,real,2024-10-08,101.2,26.057142857142857,88.71428571428571,0
Nangka,2024-10-21,3,real,2024-10-15,25.3,27.228571428571428,85.85714285714286,0
Nangka,2024-10-28,2,real,2024-10-22,96.7,26.485714285714288,87.57142857142857,0
Nangka,2024-11-04,1,real,2024-10-29,128.7,26.057142857142857,89.71428571428571,0
Nangka,2024-11-11,1,real,2024-11-05,51.6,26.957142857142856,85.85714285714286,0
Nangka,2024-11-18,3,real,2024-11-12,188.2,26.12857142857143,87.42857142857143,0
Nangka,2024-11-25,2,real,2024-11-19,17.3,26.514285714285712,85.71428571428571,0
Nangka,2024-12-02,2,real,2024-11-26,65.0,26.3,86.28571428571429,0
Nangka,2024-12-09,2,real,2024-12-03,47.3,26.957142857142856,83.71428571428571,0
Nangka,2024-12-16,1,real,2024-12-10,0.6000000000000001,27.457142857142856,77.71428571428571,0
Nangka,2024-12-23,1,real,2024-12-17,99.0,27.428571428571427,73.42857142857143,0
Nangka,2024-12-30,3,real,2024-12-24,66.8,26.485714285714288,87.14285714285714,0
Nangka,2025-01-06,4,real,2024-12-31,46.3,26.74285714285714,81.85714285714286,0
Nangka,2025-01-13,7,real,2025-01-07,22.3,26.17142857142857,77.0,1
Nangka,2025-01-20,4,real,2025-01-14,91.0,25.77142857142857,85.57142857142857,0
Nangka,2025-01-27,3,real,2025-01-21,33.9,25.928571428571427,85.85714285714286,0
Nangka,2025-02-03,1,real,2025-01-28,9.8,25.32857142857143,80.28571428571429,0
Nangka,2025-02-10,3,real,2025-02-04,8.100000000000001,25.75714285714286,81.57142857142857,0
Nangka,2025-02-17,1,real,2025-02-11,4.6,26.985714285714288,74.14285714285714,0
Nangka,2025-02-24,3,real,2025-02-18,41.6,25.685714285714287,74.57142857142857,0
Nangka,2025-03-03,0,real,2025-02-25,32.6,25.914285714285715,75.71428571428571,0
Nangka,2025-03-10,4,real,2025-03-04,73.2,25.485714285714288,86.42857142857143,0
Nangka,2025-03-17,3,real,2025-03-11,17.6,26.02857142857143,79.14285714285714,0
Nangka,2025-03-24,0,real,2025-03-18,3.0,26.87142857142857,66.85714285714286,0
Nangka,2025-03-31,2,real,2025-03-25,34.2,27.97142857142857,71.85714285714286,0
Nangka,2025-04-07,3,real,2025-04-01,3.3,28.514285714285712,64.57142857142857,0
Nangka,2025-04-14,3,real,2025-04-08,1.5,27.82857142857143,61.142857142857146,0
Nangka,2025-04-21,2,real,2025-04-15,21.1,28.885714285714283,67.71428571428571,0
Nangka,2025-04-28,0,real,2025-04-22,30.0,28.342857142857145,74.14285714285714,0
Nangka,2025-05-05,2,real,2025-04-29,5.7,30.214285714285715,63.85714285714285,0
Nangka,2025-05-12,0,real,2025-05-06,2.6,30.74285714285714,60.57142857142857,0
Nangka,2025-05-19,0,real,2025-05-13,2.8,31.15714285714285,56.71428571428572,0
Nangka,2025-05-26,0,real,2025-05-20,31.3,30.142857142857142,66.42857142857143,0
Nangka,2025-06-02,1,real,2025-05-27,62.1,28.0,80.85714285714286,0
Nangka,2025-06-09,1,real,2025-06-03,44.6,29.214285714285715,72.42857142857143,0
Nangka,2025-06-16,0,real,2025-06-10,3.2,31.714285714285715,56.142857142857146,0
Nangka,2025-06-23,0,real,2025-06-17,26.0,29.457142857142856,70.0,0
Nangka,2025-06-30,1,real,2025-06-24,104.4,26.928571428571427,86.85714285714286,0
Nangka,2025-07-07,2,real,2025-07-01,82.2,27.15714285714285,85.14285714285714,0
Nangka,2025-07-14,3,real,2025-07-08,96.8,26.6,87.14285714285714,0
Nangka,2025-07-21,0,real,2025-07-15,89.4,26.2,88.0,0
Nangka,2025-07-28,0,real,2025-07-22,143.9,25.97142857142857,89.42857142857143,0
Nangka,2025-08-04,2,real,2025-07-29,47.1,26.885714285714283,85.85714285714286,0
Nangka,2025-08-11,2,real,2025-08-05,121.4,26.142857142857142,89.71428571428571,0
Nangka,2025-08-18,4,real,2025-08-12,243.2,25.557142857142857,91.28571428571428,0
Nangka,2025-08-25,1,real,2025-08-19,24.4,27.77142857142857,77.57142857142857,0
Nangka,2025-09-01,1,real,2025-08-26,66.1,27.214285714285715,80.28571428571429,0
Nangka,2025-09-08,7,real,2025-09-02,97.5,26.1,87.57142857142857,1
Nangka,2025-09-15,3,real,2025-09-09,79.3,26.385714285714283,85.71428571428571,0
Nangka,2025-09-22,3,real,2025-09-16,117.1,25.61428571428572,89.57142857142857,0
Nangka,2025-09-29,2,real,2025-09-23,74.9,25.7,89.0,0
Nangka,2025-10-06,7,real,2025-09-30,108.7,25.642857142857142,90.71428571428572,1
Nangka,2025-10-13,3,real,2025-10-07,133.9,25.7,90.42857142857144,0
Nangka,2025-10-20,1,real,2025-10-14,108.0,25.74285714285714,88.42857142857143,0
Nangka,2025-10-27,2,real,2025-10-21,111.0,25.557142857142857,90.14285714285714,0
Nangka,2025-11-03,0,real,2025-10-28,79.6,26.057142857142857,87.57142857142857,0
Nangka,2025-11-10,0,real,2025-11-04,95.1,26.62857142857143,86.42857142857143,0
Nangka,2025-11-17,0,real,2025-11-11,52.5,27.414285714285715,84.57142857142857,0
Nangka,2025-11-24,0,real,2025-11-18,66.9,27.142857142857142,85.71428571428571,0
Nangka,2025-12-01,0,real,2025-11-25,111.7,26.457142857142856,84.42857142857143,0
Nangka,2025-12-08,0,real,2025-12-02,41.0,26.77142857142857,84.0,0
Nangka,2025-12-15,0,real,2025-12-09,13.9,27.37142857142857,80.71428571428571,0
Nangka,2025-12-22,0,real,2025-12-16,66.3,26.25714285714286,87.57142857142857,0
Nangka,2025-12-29,2,real,2025-12-23,15.0,25.542857142857144,82.57142857142857,0
Nangka,2026-01-05,5,real,2025-12-30,59.6,26.3,83.85714285714286,1
Nangka,2026-01-12,4,real,2026-01-06,49.3,25.714285714285715,85.57142857142857,0
Nangka,2026-01-19,2,real,2026-01-13,27.9,25.942857142857143,83.71428571428571,0
Nangka,2026-01-26,0,real,2026-01-20,32.2,25.514285714285712,79.85714285714286,0
Nangka,2026-02-02,2,real,2026-01-27,32.3,25.385714285714283,81.14285714285714,0
Nangka,2026-02-09,0,real,2026-02-03,4.9,25.27142857142857,79.85714285714286,0
Nangka,2026-02-16,0,real,2026-02-10,5.0,25.057142857142857,68.85714285714286,0
Nangka,2026-02-23,0,real,2026-02-17,14.8,25.1,72.14285714285714,0
Nangka,2026-03-02,0,real,2026-02-24,36.1,25.685714285714287,68.14285714285714,0
Nangka,2026-03-09,2,real,2026-03-03,42.5,25.571428571428573,77.0,0
Nangka,2026-03-16,0,real,2026-03-10,4.3,26.61428571428572,70.71428571428571,0
Nangka,2026-03-23,1,real,2026-03-17,2.8,27.74285714285714,64.71428571428571,0
Nangka,2026-03-30,0,real,2026-03-24,6.5,28.228571428571428,63.42857142857143,0
Tumana,2017-01-02,4,synthetic,2016-12-27,1.1,25.8,75.0,1
Tumana,2017-01-09,9,synthetic,2017-01-03,15.900000000000002,24.642857142857142,80.57142857142857,1
Tumana,2017-01-16,3,synthetic,2017-01-10,55.3,25.0,83.57142857142857,0
Tumana,2017-01-23,6,synthetic,2017-01-17,18.6,24.400000000000002,77.71428571428571,1
Tumana,2017-01-30,1,synthetic,2017-01-24,13.5,24.571428571428573,79.85714285714286,0
Tumana,2017-02-06,3,synthetic,2017-01-31,42.2,24.857142857142858,81.57142857142857,0
Tumana,2017-02-13,4,synthetic,2017-02-07,3.8,23.542857142857144,76.28571428571429,1
Tumana,2017-02-20,2,synthetic,2017-02-14,27.200000000000003,23.75714285714286,76.57142857142857,0
Tumana,2017-02-27,4,synthetic,2017-02-21,14.500000000000002,25.97142857142857,77.28571428571429,1
Tumana,2017-03-06,0,synthetic,2017-02-28,12.4,25.7,76.0,0
Tumana,2017-03-13,6,synthetic,2017-03-07,0.4,25.614285714285717,71.14285714285714,1
Tumana,2017-03-20,4,synthetic,2017-03-14,1.0,26.428571428571427,68.14285714285714,1
Tumana,2017-03-27,0,synthetic,2017-03-21,14.5,27.585714285714285,73.28571428571429,0
Tumana,2017-04-03,1,synthetic,2017-03-28,5.5,27.157142857142855,65.71428571428571,0
Tumana,2017-04-10,0,synthetic,2017-04-04,3.3000000000000003,27.928571428571427,65.28571428571429,0
Tumana,2017-04-17,1,synthetic,2017-04-11,11.4,28.82857142857143,65.85714285714286,0
Tumana,2017-04-24,1,synthetic,2017-04-18,22.2,28.87142857142857,73.14285714285714,0
Tumana,2017-05-01,1,synthetic,2017-04-25,7.7,29.114285714285717,69.57142857142857,0
Tumana,2017-05-08,0,synthetic,2017-05-02,20.8,29.057142857142857,71.0,0
Tumana,2017-05-15,0,synthetic,2017-05-09,6.1,30.114285714285717,63.142857142857146,0
Tumana,2017-05-22,3,synthetic,2017-05-16,56.1,28.528571428571432,78.71428571428571,0
Tumana,2017-05-29,1,synthetic,2017-05-23,124.1,27.342857142857145,85.85714285714286,0
Tumana,2017-06-05,3,synthetic,2017-05-30,77.5,27.8,84.14285714285714,0
Tumana,2017-06-12,0,synthetic,2017-06-06,55.3,27.442857142857143,83.14285714285714,0
Tumana,2017-06-19,2,synthetic,2017-06-13,23.5,28.042857142857144,80.85714285714286,0
Tumana,2017-06-26,2,synthetic,2017-06-20,40.5,27.485714285714288,83.57142857142857,0
Tumana,2017-07-03,4,synthetic,2017-06-27,100.4,26.714285714285715,86.0,1
Tumana,2017-07-10,2,synthetic,2017-07-04,43.7,26.842857142857145,84.14285714285714,0
Tumana,2017-07-17,1,synthetic,2017-07-11,56.4,26.257142857142856,86.28571428571429,0
Tumana,2017-07-24,4,synthetic,2017-07-18,137.39999999999998,26.228571428571428,87.0,1
Tumana,2017-07-31,2,synthetic,2017-07-25,171.4,25.957142857142856,90.71428571428571,0
Tumana,2017-08-07,7,synthetic,2017-08-01,140.3,26.442857142857143,89.0,1
Tumana,2017-08-14,3,synthetic,2017-08-08,54.6,27.25714285714286,85.71428571428571,0
Tumana,2017-08-21,5,synthetic,2017-08-15,108.0,26.685714285714287,87.42857142857143,1
Tumana,2017-08-28,8,synthetic,2017-08-22,128.70000000000002,26.02857142857143,87.57142857142857,1
Tumana,2017-09-04,8,synthetic,2017-08-29,78.1,26.614285714285717,87.42857142857143,1
Tumana,2017-09-11,5,synthetic,2017-09-05,46.2,26.857142857142858,86.14285714285714,1
Tumana,2017-09-18,7,synthetic,2017-09-12,148.6,26.75714285714286,86.57142857142857,1
Tumana,2017-09-25,11,synthetic,2017-09-19,79.8,26.32857142857143,87.28571428571429,1
Tumana,2017-10-02,15,synthetic,2017-09-26,52.3,26.185714285714287,89.0,1
Tumana,2017-10-09,8,synthetic,2017-10-03,150.2,26.071428571428573,89.28571428571429,1
Tumana,2017-10-16,6,synthetic,2017-10-10,159.1,25.97142857142857,90.42857142857143,1
Tumana,2017-10-23,4,synthetic,2017-10-17,23.8,26.657142857142855,86.42857142857143,1
Tumana,2017-10-30,6,synthetic,2017-10-24,26.9,26.0,83.71428571428571,1
Tumana,2017-11-06,5,synthetic,2017-10-31,99.80000000000001,26.114285714285717,86.0,1
Tumana,2017-11-13,4,synthetic,2017-11-07,82.9,26.5,83.85714285714286,1
Tumana,2017-11-20,5,synthetic,2017-11-14,16.7,26.714285714285715,83.85714285714286,1
Tumana,2017-11-27,5,synthetic,2017-11-21,8.0,26.771428571428572,80.14285714285714,1
Tumana,2017-12-04,3,synthetic,2017-11-28,9.5,27.014285714285712,80.85714285714286,0
Tumana,2017-12-11,5,synthetic,2017-12-05,59.9,26.042857142857144,82.71428571428571,1
Tumana,2017-12-18,5,synthetic,2017-12-12,45.6,24.12857142857143,80.57142857142857,1
Tumana,2017-12-25,3,synthetic,2017-12-19,48.6,25.87142857142857,81.28571428571429,0
Tumana,2018-01-01,9,synthetic,2017-12-26,32.0,24.957142857142856,80.71428571428571,1
Tumana,2018-01-08,17,synthetic,2018-01-02,10.5,25.5,80.71428571428571,1
Tumana,2018-01-15,6,synthetic,2018-01-09,4.0,24.37142857142857,76.28571428571429,1
Tumana,2018-01-22,11,synthetic,2018-01-16,76.3,25.342857142857145,82.0,1
Tumana,2018-01-29,5,synthetic,2018-01-23,199.4,24.87142857142857,85.57142857142857,1
Tumana,2018-02-05,7,synthetic,2018-01-30,13.399999999999999,24.585714285714285,79.71428571428571,1
Tumana,2018-02-12,5,synthetic,2018-02-06,11.0,24.685714285714287,80.85714285714286,1
Tumana,2018-02-19,1,synthetic,2018-02-13,1.9,25.914285714285715,75.28571428571429,0
Tumana,2018-02-26,4,synthetic,2018-02-20,6.8,26.357142857142858,72.71428571428571,1
Tumana,2018-03-05,1,synthetic,2018-02-27,10.7,26.900000000000002,76.14285714285714,0
Tumana,2018-03-12,4,synthetic,2018-03-06,31.6,26.071428571428573,72.71428571428571,1
Tumana,2018-03-19,2,synthetic,2018-03-13,10.5,26.414285714285715,71.28571428571429,0
Tumana,2018-03-26,2,synthetic,2018-03-20,10.100000000000001,25.74285714285714,68.14285714285714,0
Tumana,2018-04-02,4,synthetic,2018-03-27,13.3,26.12857142857143,70.71428571428571,1
Tumana,2018-04-09,1,synthetic,2018-04-03,53.7,26.857142857142858,72.0,0
Tumana,2018-04-16,3,synthetic,2018-04-10,20.2,28.17142857142857,73.0,0
Tumana,2018-04-23,1,synthetic,2018-04-17,3.8,28.771428571428572,65.85714285714286,0
Tumana,2018-04-30,3,synthetic,2018-04-24,19.1,29.014285714285712,67.42857142857143,0
Tumana,2018-05-07,1,synthetic,2018-05-01,10.5,29.75714285714286,64.42857142857143,0
Tumana,2018-05-14,2,synthetic,2018-05-08,12.7,29.585714285714285,66.0,0
Tumana,2018-05-21,2,synthetic,2018-05-15,7.7,29.8,67.0,0
Tumana,2018-05-28,2,synthetic,2018-05-22,17.3,29.442857142857143,71.0,0
Tumana,2018-06-04,9,synthetic,2018-05-29,28.599999999999998,29.228571428571428,70.28571428571429,1
Tumana,2018-06-11,1,synthetic,2018-06-05,249.3,26.32857142857143,89.85714285714286,0
Tumana,2018-06-18,3,synthetic,2018-06-12,116.9,26.457142857142856,89.57142857142857,0
Tumana,2018-06-25,2,synthetic,2018-06-19,87.19999999999999,26.37142857142857,87.28571428571429,0
Tumana,2018-07-02,6,synthetic,2018-06-26,47.1,26.214285714285715,88.71428571428571,1
Tumana,2018-07-09,5,synthetic,2018-07-03,110.2,26.214285714285715,88.71428571428571,1
Tumana,2018-07-16,6,synthetic,2018-07-10,304.4,25.342857142857145,92.42857142857143,1
Tumana,2018-07-23,4,synthetic,2018-07-17,225.5,25.52857142857143,93.0,1
Tumana,2018-07-30,5,synthetic,2018-07-24,170.0,25.357142857142858,92.28571428571429,1
Tumana,2018-08-06,9,synthetic,2018-07-31,159.4,26.014285714285712,90.14285714285714,1
Tumana,2018-08-13,3,synthetic,2018-08-07,226.1,25.52857142857143,91.85714285714286,0
Tumana,2018-08-20,11,synthetic,2018-08-14,139.6,25.8,90.28571428571429,1
Tumana,2018-08-27,10,synthetic,2018-08-21,57.0,26.185714285714287,88.71428571428571,1
Tumana,2018-09-03,16,synthetic,2018-08-28,89.8,25.957142857142856,88.14285714285714,1
Tumana,2018-09-10,13,synthetic,2018-09-04,178.79999999999998,25.75714285714286,90.28571428571429,1
Tumana,2018-09-17,9,synthetic,2018-09-11,130.4,25.75714285714286,90.42857142857143,1
Tumana,2018-09-24,13,synthetic,2018-09-18,41.8,26.17142857142857,87.14285714285714,1
Tumana,2018-10-01,27,synthetic,2018-09-25,28.9,26.557142857142857,86.71428571428571,1
Tumana,2018-10-08,15,synthetic,2018-10-02,46.4,25.87142857142857,86.14285714285714,1
Tumana,2018-10-15,12,synthetic,2018-10-09,54.6,26.642857142857142,86.14285714285714,1
Tumana,2018-10-22,8,synthetic,2018-10-16,31.7,26.3,84.42857142857143,1
Tumana,2018-10-29,8,synthetic,2018-10-23,9.899999999999999,26.157142857142855,78.57142857142857,1
Tumana,2018-11-05,6,synthetic,2018-10-30,48.2,26.585714285714285,83.0,1
Tumana,2018-11-12,6,synthetic,2018-11-06,2.2,26.114285714285717,78.57142857142857,1
Tumana,2018-11-19,16,synthetic,2018-11-13,6.4,26.099999999999998,77.0,1
Tumana,2018-11-26,6,synthetic,2018-11-20,15.799999999999999,25.914285714285715,80.71428571428571,1
Tumana,2018-12-03,1,synthetic,2018-11-27,2.3,25.87142857142857,77.85714285714286,0
Tumana,2018-12-10,6,synthetic,2018-12-04,9.1,26.571428571428573,77.71428571428571,1
Tumana,2018-12-17,4,synthetic,2018-12-11,12.0,26.414285714285715,75.57142857142857,1
Tumana,2018-12-24,7,synthetic,2018-12-18,142.8,25.02857142857143,83.71428571428571,1
Tumana,2019-01-07,20,synthetic,2019-01-01,6.699999999999999,24.685714285714287,81.57142857142857,1
Tumana,2019-01-14,12,synthetic,2019-01-08,1.6,24.557142857142857,79.57142857142857,1
Tumana,2019-01-21,9,synthetic,2019-01-15,1.0,23.82857142857143,78.42857142857143,1
Tumana,2019-01-28,6,synthetic,2019-01-22,2.0,24.214285714285715,75.0,1
Tumana,2019-02-04,1,synthetic,2019-01-29,1.9000000000000001,23.8,75.42857142857143,0
Tumana,2019-02-11,1,synthetic,2019-02-05,0.39999999999999997,24.75714285714286,72.42857142857143,0
Tumana,2019-02-18,2,synthetic,2019-02-12,0.7000000000000001,25.114285714285717,69.71428571428571,0
Tumana,2019-02-25,6,synthetic,2019-02-19,2.1,25.185714285714287,67.85714285714286,1
Tumana,2019-03-04,0,synthetic,2019-02-26,2.3,25.685714285714287,67.57142857142857,0
Tumana,2019-03-11,4,synthetic,2019-03-05,3.1,27.099999999999998,66.14285714285714,1
Tumana,2019-03-18,1,synthetic,2019-03-12,18.9,26.785714285714285,71.14285714285714,0
Tumana,2019-03-25,4,synthetic,2019-03-19,0.7,27.02857142857143,65.14285714285714,1
Tumana,2019-04-01,0,synthetic,2019-03-26,3.1,28.014285714285712,63.42857142857143,0
Tumana,2019-04-08,0,synthetic,2019-04-02,2.3,28.914285714285715,61.42857142857143,0
Tumana,2019-04-15,1,synthetic,2019-04-09,8.0,29.685714285714287,65.57142857142857,0
Tumana,2019-04-22,0,synthetic,2019-04-16,5.4,30.114285714285717,61.142857142857146,0
Tumana,2019-04-29,1,synthetic,2019-04-23,2.2,29.62857142857143,60.0,0
Tumana,2019-05-06,1,synthetic,2019-04-30,42.6,29.2,69.0,0
Tumana,2019-05-13,2,synthetic,2019-05-07,86.10000000000001,27.228571428571428,86.0,0
Tumana,2019-05-20,3,synthetic,2019-05-14,19.7,28.885714285714283,77.71428571428571,0
Tumana,2019-05-27,0,synthetic,2019-05-21,52.4,27.37142857142857,83.57142857142857,0
Tumana,2019-06-03,7,synthetic,2019-05-28,14.100000000000001,28.814285714285713,77.57142857142857,1
Tumana,2019-06-10,2,synthetic,2019-06-04,31.9,29.485714285714288,72.57142857142857,0
Tumana,2019-06-17,4,synthetic,2019-06-11,80.1,27.957142857142856,84.85714285714286,1
Tumana,2019-06-24,1,synthetic,2019-06-18,44.3,28.157142857142855,82.42857142857143,0
Tumana,2019-07-01,3,synthetic,2019-06-25,192.4,26.114285714285717,91.42857142857143,0
Tumana,2019-07-08,7,synthetic,2019-07-02,56.800000000000004,27.099999999999998,84.42857142857143,1
Tumana,2019-07-15,8,synthetic,2019-07-09,51.3,26.97142857142857,86.85714285714286,1
Tumana,2019-07-22,1,synthetic,2019-07-16,113.4,26.314285714285713,89.71428571428571,0
Tumana,2019-07-29,3,synthetic,2019-07-23,187.3,25.857142857142858,91.0,0
Tumana,2019-08-05,9,synthetic,2019-07-30,294.3,25.542857142857144,92.0,1
Tumana,2019-08-12,2,synthetic,2019-08-06,121.7,26.385714285714283,89.0,0
Tumana,2019-08-19,8,synthetic,2019-08-13,49.599999999999994,27.099999999999998,87.0,1
Tumana,2019-08-26,8,synthetic,2019-08-20,181.3,25.957142857142856,91.28571428571429,1
Tumana,2019-09-02,10,synthetic,2019-08-27,132.9,25.585714285714285,90.28571428571429,1
Tumana,2019-09-09,11,synthetic,2019-09-03,85.0,26.37142857142857,88.28571428571429,1
Tumana,2019-09-16,10,synthetic,2019-09-10,407.79999999999995,25.12857142857143,93.14285714285714,1
Tumana,2019-09-23,10,synthetic,2019-09-17,133.79999999999998,25.542857142857144,88.57142857142857,1
Tumana,2019-09-30,20,synthetic,2019-09-24,43.5,26.642857142857142,87.0,1
Tumana,2019-10-07,10,synthetic,2019-10-01,32.8,26.142857142857142,86.42857142857143,1
Tumana,2019-10-14,13,synthetic,2019-10-08,16.400000000000002,26.400000000000002,81.57142857142857,1
Tumana,2019-10-21,9,synthetic,2019-10-15,13.7,26.957142857142856,79.42857142857143,1
Tumana,2019-10-28,14,synthetic,2019-10-22,21.2,26.914285714285715,80.42857142857143,1
Tumana,2019-11-04,14,synthetic,2019-10-29,124.0,26.485714285714288,85.85714285714286,1
Tumana,2019-11-11,8,synthetic,2019-11-05,64.6,26.014285714285712,85.71428571428571,1
Tumana,2019-11-18,7,synthetic,2019-11-12,15.3,25.942857142857143,83.85714285714286,1
Tumana,2019-11-25,7,synthetic,2019-11-19,48.4,26.442857142857143,84.71428571428571,1
Tumana,2019-12-02,3,synthetic,2019-11-26,2.7,25.542857142857144,78.0,0
Tumana,2019-12-09,8,synthetic,2019-12-03,73.3,25.642857142857142,82.0,1
Tumana,2019-12-16,9,synthetic,2019-12-10,2.9,25.900000000000002,79.14285714285714,1
Tumana,2019-12-23,8,synthetic,2019-12-17,6.0,26.02857142857143,77.42857142857143,1
Tumana,2019-12-30,7,synthetic,2019-12-24,26.400000000000002,25.97142857142857,78.14285714285714,1
Tumana,2020-01-06,1,synthetic,2019-12-31,3.0,25.67142857142857,74.85714285714286,0
Tumana,2020-01-13,1,synthetic,2020-01-07,15.8,25.52857142857143,79.14285714285714,0
Tumana,2020-01-20,3,synthetic,2020-01-14,10.0,25.928571428571427,77.71428571428571,0
Tumana,2020-01-27,2,synthetic,2020-01-21,7.8,25.32857142857143,76.14285714285714,0
Tumana,2020-02-03,1,synthetic,2020-01-28,2.2,24.714285714285715,70.85714285714286,0
Tumana,2020-02-10,0,synthetic,2020-02-04,12.9,25.37142857142857,74.0,0
Tumana,2020-02-17,1,synthetic,2020-02-11,3.2,25.557142857142857,69.57142857142857,0
Tumana,2020-02-24,0,synthetic,2020-02-18,0.5,25.37142857142857,65.85714285714286,0
Tumana,2020-03-02,1,synthetic,2020-02-25,1.1,26.32857142857143,66.85714285714286,0
Tumana,2020-03-09,1,synthetic,2020-03-03,3.7,27.8,67.57142857142857,0
Tumana,2020-03-16,0,synthetic,2020-03-10,10.6,27.957142857142856,67.28571428571429,0
Tumana,2020-03-23,0,synthetic,2020-03-17,5.8,28.17142857142857,63.857142857142854,0
Tumana,2020-03-30,0,synthetic,2020-03-24,3.1,28.542857142857144,61.714285714285715,0
Tumana,2020-04-06,0,synthetic,2020-03-31,2.5,28.714285714285715,61.285714285714285,0
Tumana,2020-04-13,1,synthetic,2020-04-07,38.199999999999996,28.485714285714288,70.14285714285714,0
Tumana,2020-04-20,1,synthetic,2020-04-14,18.0,28.599999999999998,70.42857142857143,0
Tumana,2020-04-27,0,synthetic,2020-04-21,4.300000000000001,30.185714285714287,62.142857142857146,0
Tumana,2020-05-04,0,synthetic,2020-04-28,11.9,30.042857142857144,62.142857142857146,0
Tumana,2020-05-11,1,synthetic,2020-05-05,13.5,30.842857142857145,66.28571428571429,0
Tumana,2020-05-18,0,synthetic,2020-05-12,184.6,28.32857142857143,79.85714285714286,0
Tumana,2020-05-25,1,synthetic,2020-05-19,43.1,28.357142857142858,82.71428571428571,0
Tumana,2020-06-01,1,synthetic,2020-05-26,29.6,28.114285714285717,80.85714285714286,0
Tumana,2020-06-08,1,synthetic,2020-06-02,7.800000000000001,29.442857142857143,72.71428571428571,0
Tumana,2020-06-15,1,synthetic,2020-06-09,135.5,27.25714285714286,83.71428571428571,0
Tumana,2020-06-22,0,synthetic,2020-06-16,37.8,27.642857142857142,84.28571428571429,0
Tumana,2020-06-29,2,synthetic,2020-06-23,44.2,27.74285714285714,82.71428571428571,0
Tumana,2020-07-06,1,synthetic,2020-06-30,59.3,27.3,83.0,0
Tumana,2020-07-13,0,synthetic,2020-07-07,77.7,27.24285714285714,85.14285714285714,0
Tumana,2020-07-20,0,synthetic,2020-07-14,20.4,27.900000000000002,78.71428571428571,0
Tumana,2020-07-27,0,synthetic,2020-07-21,73.5,27.485714285714288,84.0,0
Tumana,2020-08-03,5,synthetic,2020-07-28,133.0,26.099999999999998,88.85714285714286,1
Tumana,2020-08-10,0,synthetic,2020-08-04,103.3,26.7,87.71428571428571,0
Tumana,2020-08-17,4,synthetic,2020-08-11,75.7,26.271428571428572,88.42857142857143,1
Tumana,2020-08-24,1,synthetic,2020-08-18,141.4,26.52857142857143,88.71428571428571,0
Tumana,2020-08-31,1,synthetic,2020-08-25,54.8,27.2,85.85714285714286,0
Tumana,2020-09-07,2,synthetic,2020-09-01,44.4,27.414285714285715,85.71428571428571,0
Tumana,2020-09-14,2,synthetic,2020-09-08,48.900000000000006,26.957142857142856,87.14285714285714,0
Tumana,2020-09-21,2,synthetic,2020-09-15,65.5,26.5,88.14285714285714,0
Tumana,2020-09-28,6,synthetic,2020-09-22,90.9,26.75714285714286,87.0,1
Tumana,2020-10-05,4,synthetic,2020-09-29,56.9,26.842857142857145,87.28571428571429,1
Tumana,2020-10-12,1,synthetic,2020-10-06,187.3,26.157142857142855,90.14285714285714,0
Tumana,2020-10-19,1,synthetic,2020-10-13,89.7,26.014285714285712,88.14285714285714,0
Tumana,2020-10-26,6,synthetic,2020-10-20,307.0,25.914285714285715,89.28571428571429,1
Tumana,2020-11-02,2,synthetic,2020-10-27,50.8,26.099999999999998,83.85714285714286,0
Tumana,2020-11-09,4,synthetic,2020-11-03,106.4,25.914285714285715,88.0,1
Tumana,2020-11-16,0,synthetic,2020-11-10,340.3,26.32857142857143,86.14285714285714,0
Tumana,2020-11-23,3,synthetic,2020-11-17,3.5,26.3,80.0,0
Tumana,2020-11-30,1,synthetic,2020-11-24,43.199999999999996,25.771428571428572,82.28571428571429,0
Tumana,2020-12-07,0,synthetic,2020-12-01,42.2,26.12857142857143,83.57142857142857,0
Tumana,2020-12-14,2,synthetic,2020-12-08,54.0,26.142857142857142,87.28571428571429,0
Tumana,2020-12-21,2,synthetic,2020-12-15,93.8,25.571428571428573,86.71428571428571,0
Tumana,2020-12-28,0,synthetic,2020-12-22,80.0,25.485714285714288,86.14285714285714,0
Tumana,2021-01-04,4,synthetic,2020-12-29,51.5,25.071428571428573,83.71428571428571,1
Tumana,2021-01-11,2,synthetic,2021-01-05,2.4,24.74285714285714,79.71428571428571,0
Tumana,2021-01-18,2,synthetic,2021-01-12,11.899999999999999,24.599999999999998,78.85714285714286,0
Tumana,2021-01-25,2,synthetic,2021-01-19,96.0,25.157142857142855,89.28571428571429,0
Tumana,2021-02-01,0,synthetic,2021-01-26,13.5,24.014285714285712,80.85714285714286,0
Tumana,2021-02-08,1,synthetic,2021-02-02,4.2,24.942857142857143,80.14285714285714,0
Tumana,2021-02-15,1,synthetic,2021-02-09,45.7,25.02857142857143,86.14285714285714,0
Tumana,2021-02-22,1,synthetic,2021-02-16,36.1,23.400000000000002,79.14285714285714,0
Tumana,2021-03-01,1,synthetic,2021-02-23,71.60000000000001,25.74285714285714,83.85714285714286,0
Tumana,2021-03-08,0,synthetic,2021-03-02,4.9,25.928571428571427,77.71428571428571,0
Tumana,2021-03-15,0,synthetic,2021-03-09,18.2,25.400000000000002,79.71428571428571,0
Tumana,2021-03-22,0,synthetic,2021-03-16,33.2,26.900000000000002,82.85714285714286,0
Tumana,2021-03-29,0,synthetic,2021-03-23,4.7,27.2,75.71428571428571,0
Tumana,2021-04-05,0,synthetic,2021-03-30,2.2,27.52857142857143,69.42857142857143,0
Tumana,2021-04-12,0,synthetic,2021-04-06,6.1,27.614285714285717,67.57142857142857,0
Tumana,2021-04-19,1,synthetic,2021-04-13,14.700000000000001,27.942857142857143,72.14285714285714,0
Tumana,2021-04-26,0,synthetic,2021-04-20,14.7,27.714285714285715,75.0,0
Tumana,2021-05-03,0,synthetic,2021-04-27,9.5,27.785714285714285,71.57142857142857,0
Tumana,2021-05-10,0,synthetic,2021-05-04,2.7,29.75714285714286,67.14285714285714,0
Tumana,2021-05-17,0,synthetic,2021-05-11,2.3,30.414285714285715,63.714285714285715,0
Tumana,2021-05-24,0,synthetic,2021-05-18,22.099999999999998,29.7,69.28571428571429,0
Tumana,2021-05-31,0,synthetic,2021-05-25,23.2,30.014285714285712,71.0,0
Tumana,2021-06-07,3,synthetic,2021-06-01,131.4,27.900000000000002,83.71428571428571,0
Tumana,2021-06-14,1,synthetic,2021-06-08,59.0,26.771428571428572,84.71428571428571,0
Tumana,2021-06-21,2,synthetic,2021-06-15,45.1,27.75714285714286,82.57142857142857,0
Tumana,2021-06-28,0,synthetic,2021-06-22,82.4,26.97142857142857,84.85714285714286,0
Tumana,2021-07-05,2,synthetic,2021-06-29,75.5,27.32857142857143,83.85714285714286,0
Tumana,2021-07-12,6,synthetic,2021-07-06,39.4,27.599999999999998,81.42857142857143,1
Tumana,2021-07-19,1,synthetic,2021-07-13,148.7,26.62857142857143,88.0,0
Tumana,2021-07-26,2,synthetic,2021-07-20,227.5,25.914285714285715,93.0,0
Tumana,2021-08-02,0,synthetic,2021-07-27,140.8,26.52857142857143,91.0,0
Tumana,2021-08-09,2,synthetic,2021-08-03,69.9,26.942857142857143,89.14285714285714,0
Tumana,2021-08-16,1,synthetic,2021-08-10,59.1,26.342857142857145,87.28571428571429,0
Tumana,2021-08-23,3,synthetic,2021-08-17,88.2,26.571428571428573,87.42857142857143,0
Tumana,2021-08-30,0,synthetic,2021-08-24,91.1,26.214285714285715,88.14285714285714,0
Tumana,2021-09-06,4,synthetic,2021-08-31,67.9,26.3,88.28571428571429,1
Tumana,2021-09-13,6,synthetic,2021-09-07,229.0,25.857142857142858,90.28571428571429,1
Tumana,2021-09-20,7,synthetic,2021-09-14,49.2,26.62857142857143,87.85714285714286,1
Tumana,2021-09-27,5,synthetic,2021-09-21,30.9,27.157142857142855,84.0,1
Tumana,2021-10-04,8,synthetic,2021-09-28,89.0,26.614285714285717,89.14285714285714,1
Tumana,2021-10-11,3,synthetic,2021-10-05,54.7,26.47142857142857,86.14285714285714,0
Tumana,2021-10-18,6,synthetic,2021-10-12,149.8,25.957142857142856,89.57142857142857,1
Tumana,2021-10-25,2,synthetic,2021-10-19,49.2,26.12857142857143,87.28571428571429,0
Tumana,2021-11-01,6,synthetic,2021-10-26,2.2,26.542857142857144,79.42857142857143,1
Tumana,2021-11-08,0,synthetic,2021-11-02,7.7,27.014285714285712,80.42857142857143,0
Tumana,2021-11-15,1,synthetic,2021-11-09,28.7,27.157142857142855,80.0,0
Tumana,2021-11-22,3,synthetic,2021-11-16,41.6,26.842857142857145,82.57142857142857,0
Tumana,2021-11-29,1,synthetic,2021-11-23,51.7,26.17142857142857,86.28571428571429,0
Tumana,2021-12-06,1,synthetic,2021-11-30,12.7,25.47142857142857,75.57142857142857,0
Tumana,2021-12-13,4,synthetic,2021-12-07,0.6000000000000001,25.5,75.14285714285714,1
Tumana,2021-12-20,4,synthetic,2021-12-14,44.2,25.8,80.71428571428571,1
Tumana,2021-12-27,2,synthetic,2021-12-21,49.3,25.47142857142857,84.71428571428571,0
Tumana,2022-01-24,0,real,2022-01-18,0.0,23.8,77.0,0
Tumana,2022-01-31,0,real,2022-01-25,7.6,24.557142857142857,76.71428571428571,0
Tumana,2022-02-07,0,real,2022-02-01,3.4000000000000004,24.37142857142857,76.0,0
Tumana,2022-02-14,0,real,2022-02-08,18.1,24.957142857142856,76.28571428571429,0
Tumana,2022-02-21,0,real,2022-02-15,27.6,26.24285714285714,79.57142857142857,0
Tumana,2022-02-28,0,real,2022-02-22,2.7,25.67142857142857,73.42857142857143,0
Tumana,2022-03-07,0,real,2022-03-01,20.3,26.342857142857145,74.71428571428571,0
Tumana,2022-03-14,0,real,2022-03-08,27.6,26.385714285714283,77.42857142857143,0
Tumana,2022-03-21,0,real,2022-03-15,15.5,26.61428571428572,74.28571428571429,0
Tumana,2022-03-28,0,real,2022-03-22,2.7,27.414285714285715,68.42857142857143,0
Tumana,2022-04-04,0,real,2022-03-29,36.3,27.428571428571427,69.85714285714286,0
Tumana,2022-04-11,0,real,2022-04-05,43.5,27.714285714285715,78.42857142857143,0
Tumana,2022-04-18,0,real,2022-04-12,4.0,29.1,68.28571428571429,0
Tumana,2022-04-25,0,real,2022-04-19,7.4,28.62857142857143,66.57142857142857,0
Tumana,2022-05-02,0,real,2022-04-26,96.6,27.285714285714285,76.42857142857143,0
Tumana,2022-05-09,0,real,2022-05-03,59.2,26.942857142857143,78.85714285714286,0
Tumana,2022-05-16,0,real,2022-05-10,9.1,27.914285714285715,73.57142857142857,0
Tumana,2022-05-23,0,real,2022-05-17,21.7,29.02857142857143,70.57142857142857,0
Tumana,2022-05-30,0,real,2022-05-24,5.9,29.885714285714283,63.142857142857146,0
Tumana,2022-06-06,0,real,2022-05-31,37.3,29.857142857142858,65.28571428571429,0
Tumana,2022-06-13,0,real,2022-06-07,116.9,26.32857142857143,86.28571428571429,0
Tumana,2022-06-20,0,real,2022-06-14,61.1,27.285714285714285,81.57142857142857,0
Tumana,2022-06-27,0,real,2022-06-21,37.3,27.3,81.85714285714286,0
Tumana,2022-07-04,0,real,2022-06-28,40.7,27.985714285714288,78.85714285714286,0
Tumana,2022-07-11,0,real,2022-07-05,42.7,27.82857142857143,79.42857142857143,0
Tumana,2022-07-18,0,real,2022-07-12,78.2,26.9,83.0,0
Tumana,2022-07-25,0,real,2022-07-19,123.0,26.514285714285712,85.85714285714286,0
Tumana,2022-08-01,0,real,2022-07-26,142.6,26.32857142857143,88.0,0
Tumana,2022-08-08,0,real,2022-08-02,127.3,26.62857142857143,87.0,0
Tumana,2022-08-15,0,real,2022-08-09,58.6,26.885714285714283,86.42857142857143,0
Tumana,2022-08-22,0,real,2022-08-16,128.3,26.357142857142858,89.0,0
Tumana,2022-08-29,0,real,2022-08-23,186.4,25.9,88.14285714285714,0
Tumana,2022-09-05,1,real,2022-08-30,110.2,26.1,85.71428571428571,0
Tumana,2022-09-12,2,real,2022-09-06,115.2,25.785714285714285,88.57142857142857,0
Tumana,2022-09-19,2,real,2022-09-13,105.6,26.085714285714285,87.71428571428571,0
Tumana,2022-09-26,2,real,2022-09-20,62.2,26.228571428571428,89.0,0
Tumana,2022-10-03,5,real,2022-09-27,73.39999999999999,26.585714285714285,86.85714285714286,1
Tumana,2022-10-10,1,real,2022-10-04,63.5,26.357142857142858,87.28571428571429,0
Tumana,2022-10-17,0,real,2022-10-11,241.3,25.285714285714285,90.71428571428572,0
Tumana,2022-10-24,3,real,2022-10-18,74.6,26.314285714285717,86.28571428571429,0
Tumana,2022-10-31,0,real,2022-10-25,43.4,26.7,86.28571428571429,0
Tumana,2022-11-07,0,real,2022-11-01,71.2,26.514285714285712,84.71428571428571,0
Tumana,2022-11-14,0,real,2022-11-08,125.9,26.0,89.57142857142857,0
Tumana,2022-11-21,0,real,2022-11-15,239.4,26.17142857142857,85.42857142857143,0
Tumana,2022-11-28,0,real,2022-11-22,97.7,26.02857142857143,87.57142857142857,0
Tumana,2022-12-05,0,real,2022-11-29,49.3,26.857142857142858,85.28571428571429,0
Tumana,2022-12-12,0,real,2022-12-06,45.8,26.814285714285717,84.28571428571429,0
Tumana,2022-12-19,1,real,2022-12-13,10.4,26.457142857142856,83.14285714285714,0
Tumana,2022-12-26,0,real,2022-12-20,21.7,27.042857142857144,81.28571428571429,0
Tumana,2023-01-02,0,real,2022-12-27,32.7,26.228571428571428,84.14285714285714,0
Tumana,2023-01-09,1,real,2023-01-03,16.4,26.385714285714283,82.57142857142857,0
Tumana,2023-01-16,0,real,2023-01-10,42.7,24.414285714285715,80.57142857142857,0
Tumana,2023-01-23,0,real,2023-01-17,44.2,24.728571428571428,79.0,0
Tumana,2023-01-30,0,real,2023-01-24,46.7,24.985714285714288,85.28571428571429,0
Tumana,2023-02-06,0,real,2023-01-31,79.4,24.65714285714285,81.57142857142857,0
Tumana,2023-02-13,1,real,2023-02-07,14.0,25.24285714285714,82.0,0
Tumana,2023-02-20,0,real,2023-02-14,15.3,24.65714285714285,76.57142857142857,0
Tumana,2023-02-27,0,real,2023-02-21,2.9,25.442857142857143,76.42857142857143,0
Tumana,2023-03-06,0,real,2023-02-28,9.0,25.928571428571427,76.57142857142857,0
Tumana,2023-03-13,0,real,2023-03-07,27.3,25.12857142857143,73.85714285714286,0
Tumana,2023-03-20,1,real,2023-03-14,30.7,25.728571428571428,79.57142857142857,0
Tumana,2023-03-27,0,real,2023-03-21,2.9,25.071428571428573,71.28571428571429,0
Tumana,2023-04-03,0,real,2023-03-28,5.4,24.985714285714288,69.71428571428571,0
Tumana,2023-04-10,0,real,2023-04-04,19.1,26.25714285714286,70.85714285714286,0
Tumana,2023-04-17,0,real,2023-04-11,3.4,28.071428571428573,66.42857142857143,0
Tumana,2023-04-24,0,real,2023-04-18,24.1,28.32857142857143,67.28571428571429,0
Tumana,2023-05-01,0,real,2023-04-25,13.7,28.185714285714287,65.85714285714286,0
Tumana,2023-05-08,0,real,2023-05-02,78.60000000000001,26.9,78.85714285714286,0
Tumana,2023-05-15,0,real,2023-05-09,13.5,28.17142857142857,77.0,0
Tumana,2023-05-22,2,real,2023-05-16,15.5,28.557142857142857,71.28571428571429,0
Tumana,2023-05-29,1,real,2023-05-23,8.2,30.071428571428573,65.0,0
Tumana,2023-06-05,0,real,2023-05-30,62.4,28.32857142857143,78.42857142857143,0
Tumana,2023-06-12,0,real,2023-06-06,61.3,28.014285714285712,82.42857142857143,0
Tumana,2023-06-19,0,real,2023-06-13,70.60000000000001,27.47142857142857,81.71428571428571,0
Tumana,2023-06-26,0,real,2023-06-20,49.9,27.914285714285715,80.71428571428571,0
Tumana,2023-07-03,0,real,2023-06-27,103.7,26.65714285714285,86.57142857142857,0
Tumana,2023-07-10,0,real,2023-07-04,44.3,27.557142857142857,82.85714285714286,0
Tumana,2023-07-17,1,real,2023-07-11,47.7,27.314285714285717,82.57142857142857,0
Tumana,2023-07-24,1,real,2023-07-18,84.8,26.928571428571427,86.57142857142857,0
Tumana,2023-07-31,1,real,2023-07-25,14.7,28.32857142857143,77.85714285714286,0
Tumana,2023-08-07,0,real,2023-08-01,163.6,26.342857142857145,87.42857142857143,0
Tumana,2023-08-14,0,real,2023-08-08,144.8,26.585714285714285,87.42857142857143,0
Tumana,2023-08-21,0,real,2023-08-15,152.6,26.042857142857144,89.57142857142857,0
Tumana,2023-08-28,4,real,2023-08-22,79.4,26.75714285714286,86.71428571428571,1
Tumana,2023-09-04,5,real,2023-08-29,33.3,27.442857142857143,85.42857142857143,1
Tumana,2023-09-11,0,real,2023-09-05,48.2,27.142857142857142,85.85714285714286,0
Tumana,2023-09-18,0,real,2023-09-12,69.8,26.37142857142857,87.71428571428571,0
Tumana,2023-09-25,10,real,2023-09-19,116.5,26.071428571428573,90.14285714285714,1
Tumana,2023-10-02,2,real,2023-09-26,82.9,26.714285714285715,87.42857142857143,0
Tumana,2023-10-09,3,real,2023-10-03,92.6,26.314285714285717,88.42857142857143,0
Tumana,2023-10-16,2,real,2023-10-10,85.0,26.32857142857143,88.42857142857143,0
Tumana,2023-10-23,5,real,2023-10-17,85.0,26.342857142857145,89.57142857142857,1
Tumana,2023-10-30,6,real,2023-10-24,65.0,26.24285714285714,89.0,1
Tumana,2023-11-06,6,real,2023-10-31,65.6,27.1,85.42857142857143,1
Tumana,2023-11-13,2,real,2023-11-07,122.2,26.17142857142857,89.0,0
Tumana,2023-11-20,3,real,2023-11-14,55.5,26.185714285714287,88.0,0
Tumana,2023-11-27,3,real,2023-11-21,73.7,26.27142857142857,86.85714285714286,0
Tumana,2023-12-04,0,real,2023-11-28,12.8,27.27142857142857,82.85714285714286,0
Tumana,2023-12-11,5,real,2023-12-05,5.4,26.65714285714285,77.71428571428571,1
Tumana,2023-12-18,7,real,2023-12-12,12.8,26.37142857142857,80.28571428571429,1
Tumana,2023-12-25,2,real,2023-12-19,5.4,27.314285714285717,79.57142857142857,0
Tumana,2024-01-01,3,real,2023-12-26,50.4,26.77142857142857,82.28571428571429,0
Tumana,2024-01-08,2,real,2024-01-02,23.2,26.75714285714286,78.42857142857143,0
Tumana,2024-01-15,2,real,2024-01-09,29.5,26.228571428571428,80.14285714285714,0
Tumana,2024-01-22,4,real,2024-01-16,15.8,26.442857142857143,82.0,1
Tumana,2024-01-29,4,real,2024-01-23,10.5,26.4,79.42857142857143,1
Tumana,2024-02-05,5,real,2024-01-30,6.5,26.12857142857143,74.85714285714286,1
Tumana,2024-02-12,1,real,2024-02-06,4.3,25.585714285714285,72.42857142857143,0
Tumana,2024-02-19,0,real,2024-02-13,17.9,25.042857142857144,71.85714285714286,0
Tumana,2024-02-26,4,real,2024-02-20,0.4,25.928571428571427,71.42857142857143,1
Tumana,2024-03-04,0,real,2024-02-27,1.0,26.62857142857143,69.57142857142857,0
Tumana,2024-03-11,0,real,2024-03-05,0.6,26.785714285714285,66.0,0
Tumana,2024-03-18,1,real,2024-03-12,1.6,27.457142857142856,66.57142857142857,0
Tumana,2024-03-25,0,real,2024-03-19,0.2,26.557142857142857,64.42857142857143,0
Tumana,2024-04-01,0,real,2024-03-26,0.4,27.685714285714287,63.42857142857143,0
Tumana,2024-04-08,1,real,2024-04-02,22.5,27.185714285714287,71.28571428571429,0
Tumana,2024-04-15,0,real,2024-04-09,9.3,27.042857142857144,68.85714285714286,0
Tumana,2024-04-22,0,real,2024-04-16,17.7,28.74285714285714,68.57142857142857,0
Tumana,2024-04-29,0,real,2024-04-23,0.9,29.12857142857143,63.42857142857143,0
Tumana,2024-05-06,0,real,2024-04-30,3.0,29.442857142857143,61.85714285714285,0
Tumana,2024-05-13,1,real,2024-05-07,0.0,30.12857142857143,57.85714285714285,0
Tumana,2024-05-20,0,real,2024-05-14,10.8,31.11428571428572,62.57142857142857,0
Tumana,2024-05-27,0,real,2024-05-21,3.5,31.12857142857143,59.71428571428572,0
Tumana,2024-06-03,0,real,2024-05-28,8.3,31.37142857142857,59.71428571428572,0
Tumana,2024-06-10,0,real,2024-06-04,50.9,29.414285714285715,75.28571428571429,0
Tumana,2024-06-17,0,real,2024-06-11,148.9,29.485714285714288,73.85714285714286,0
Tumana,2024-06-24,2,real,2024-06-18,56.0,28.314285714285717,82.85714285714286,0
Tumana,2024-07-01,1,real,2024-06-25,54.7,27.442857142857143,85.28571428571429,0
Tumana,2024-07-08,0,real,2024-07-02,49.8,27.928571428571427,83.42857142857143,0
Tumana,2024-07-15,1,real,2024-07-09,103.0,26.914285714285715,87.42857142857143,0
Tumana,2024-07-22,3,real,2024-07-16,63.8,27.5,84.28571428571429,0
Tumana,2024-07-29,1,real,2024-07-23,97.1,27.014285714285712,86.42857142857143,0
Tumana,2024-08-05,1,real,2024-07-30,74.4,26.642857142857142,87.28571428571429,0
Tumana,2024-08-12,1,real,2024-08-06,116.1,26.842857142857145,87.14285714285714,0
Tumana,2024-08-19,4,real,2024-08-13,203.4,26.014285714285712,90.42857142857144,1
Tumana,2024-08-26,1,real,2024-08-20,58.9,26.357142857142858,87.28571428571429,0
Tumana,2024-09-02,2,real,2024-08-27,86.19999999999999,26.685714285714287,88.42857142857143,0
Tumana,2024-09-09,1,real,2024-09-03,24.5,27.65714285714285,84.0,0
Tumana,2024-09-16,5,real,2024-09-10,97.8,26.814285714285717,88.28571428571429,1
Tumana,2024-09-23,2,real,2024-09-17,154.9,26.357142857142858,89.85714285714286,0
Tumana,2024-09-30,1,real,2024-09-24,194.7,26.11428571428572,88.14285714285714,0
Tumana,2024-10-07,4,real,2024-10-01,136.5,26.24285714285714,89.71428571428571,1
Tumana,2024-10-14,2,real,2024-10-08,101.2,26.057142857142857,88.71428571428571,0
Tumana,2024-10-21,1,real,2024-10-15,25.3,27.228571428571428,85.85714285714286,0
Tumana,2024-10-28,5,real,2024-10-22,96.7,26.485714285714288,87.57142857142857,1
Tumana,2024-11-04,1,real,2024-10-29,128.7,26.057142857142857,89.71428571428571,0
Tumana,2024-11-11,6,real,2024-11-05,51.6,26.957142857142856,85.85714285714286,1
Tumana,2024-11-18,5,real,2024-11-12,188.2,26.12857142857143,87.42857142857143,1
Tumana,2024-11-25,4,real,2024-11-19,17.3,26.514285714285712,85.71428571428571,1
Tumana,2024-12-02,4,real,2024-11-26,65.0,26.3,86.28571428571429,1
Tumana,2024-12-09,6,real,2024-12-03,47.3,26.957142857142856,83.71428571428571,1
Tumana,2024-12-16,4,real,2024-12-10,0.6000000000000001,27.457142857142856,77.71428571428571,1
Tumana,2024-12-23,2,real,2024-12-17,99.0,27.428571428571427,73.42857142857143,0
Tumana,2024-12-30,3,real,2024-12-24,66.8,26.485714285714288,87.14285714285714,0
Tumana,2025-01-06,3,real,2024-12-31,46.3,26.74285714285714,81.85714285714286,0
Tumana,2025-01-13,4,real,2025-01-07,22.3,26.17142857142857,77.0,1
Tumana,2025-01-20,3,real,2025-01-14,91.0,25.77142857142857,85.57142857142857,0
Tumana,2025-01-27,2,real,2025-01-21,33.9,25.928571428571427,85.85714285714286,0
Tumana,2025-02-03,2,real,2025-01-28,9.8,25.32857142857143,80.28571428571429,0
Tumana,2025-02-10,3,real,2025-02-04,8.100000000000001,25.75714285714286,81.57142857142857,0
Tumana,2025-02-17,1,real,2025-02-11,4.6,26.985714285714288,74.14285714285714,0
Tumana,2025-02-24,1,real,2025-02-18,41.6,25.685714285714287,74.57142857142857,0
Tumana,2025-03-03,1,real,2025-02-25,32.6,25.914285714285715,75.71428571428571,0
Tumana,2025-03-10,2,real,2025-03-04,73.2,25.485714285714288,86.42857142857143,0
Tumana,2025-03-17,0,real,2025-03-11,17.6,26.02857142857143,79.14285714285714,0
Tumana,2025-03-24,2,real,2025-03-18,3.0,26.87142857142857,66.85714285714286,0
Tumana,2025-03-31,0,real,2025-03-25,34.2,27.97142857142857,71.85714285714286,0
Tumana,2025-04-07,0,real,2025-04-01,3.3,28.514285714285712,64.57142857142857,0
Tumana,2025-04-14,0,real,2025-04-08,1.5,27.82857142857143,61.142857142857146,0
Tumana,2025-04-21,0,real,2025-04-15,21.1,28.885714285714283,67.71428571428571,0
Tumana,2025-04-28,0,real,2025-04-22,30.0,28.342857142857145,74.14285714285714,0
Tumana,2025-05-05,1,real,2025-04-29,5.7,30.214285714285715,63.85714285714285,0
Tumana,2025-05-12,1,real,2025-05-06,2.6,30.74285714285714,60.57142857142857,0
Tumana,2025-05-19,2,real,2025-05-13,2.8,31.15714285714285,56.71428571428572,0
Tumana,2025-05-26,1,real,2025-05-20,31.3,30.142857142857142,66.42857142857143,0
Tumana,2025-06-02,0,real,2025-05-27,62.1,28.0,80.85714285714286,0
Tumana,2025-06-09,1,real,2025-06-03,44.6,29.214285714285715,72.42857142857143,0
Tumana,2025-06-16,3,real,2025-06-10,3.2,31.714285714285715,56.142857142857146,0
Tumana,2025-06-23,1,real,2025-06-17,26.0,29.457142857142856,70.0,0
Tumana,2025-06-30,3,real,2025-06-24,104.4,26.928571428571427,86.85714285714286,0
Tumana,2025-07-07,2,real,2025-07-01,82.2,27.15714285714285,85.14285714285714,0
Tumana,2025-07-14,1,real,2025-07-08,96.8,26.6,87.14285714285714,0
Tumana,2025-07-21,2,real,2025-07-15,89.4,26.2,88.0,0
Tumana,2025-07-28,4,real,2025-07-22,143.9,25.97142857142857,89.42857142857143,1
Tumana,2025-08-04,5,real,2025-07-29,47.1,26.885714285714283,85.85714285714286,1
Tumana,2025-08-11,5,real,2025-08-05,121.4,26.142857142857142,89.71428571428571,1
Tumana,2025-08-18,5,real,2025-08-12,243.2,25.557142857142857,91.28571428571428,1
Tumana,2025-08-25,1,real,2025-08-19,24.4,27.77142857142857,77.57142857142857,0
Tumana,2025-09-01,4,real,2025-08-26,66.1,27.214285714285715,80.28571428571429,1
Tumana,2025-09-08,4,real,2025-09-02,97.5,26.1,87.57142857142857,1
Tumana,2025-09-15,3,real,2025-09-09,79.3,26.385714285714283,85.71428571428571,0
Tumana,2025-09-22,3,real,2025-09-16,117.1,25.61428571428572,89.57142857142857,0
Tumana,2025-09-29,2,real,2025-09-23,74.9,25.7,89.0,0
Tumana,2025-10-06,2,real,2025-09-30,108.7,25.642857142857142,90.71428571428572,0
Tumana,2025-10-13,0,real,2025-10-07,133.9,25.7,90.42857142857144,0
Tumana,2025-10-20,1,real,2025-10-14,108.0,25.74285714285714,88.42857142857143,0
Tumana,2025-10-27,1,real,2025-10-21,111.0,25.557142857142857,90.14285714285714,0
Tumana,2025-11-03,0,real,2025-10-28,79.6,26.057142857142857,87.57142857142857,0
Tumana,2025-11-10,0,real,2025-11-04,95.1,26.62857142857143,86.42857142857143,0
Tumana,2025-11-17,0,real,2025-11-11,52.5,27.414285714285715,84.57142857142857,0
Tumana,2025-11-24,0,real,2025-11-18,66.9,27.142857142857142,85.71428571428571,0
Tumana,2025-12-01,0,real,2025-11-25,111.7,26.457142857142856,84.42857142857143,0
Tumana,2025-12-08,0,real,2025-12-02,41.0,26.77142857142857,84.0,0
Tumana,2025-12-15,0,real,2025-12-09,13.9,27.37142857142857,80.71428571428571,0
Tumana,2025-12-22,0,real,2025-12-16,66.3,26.25714285714286,87.57142857142857,0
Tumana,2025-12-29,0,real,2025-12-23,15.0,25.542857142857144,82.57142857142857,0
Tumana,2026-01-05,0,real,2025-12-30,59.6,26.3,83.85714285714286,0
Tumana,2026-01-12,1,real,2026-01-06,49.3,25.714285714285715,85.57142857142857,0
Tumana,2026-01-19,4,real,2026-01-13,27.9,25.942857142857143,83.71428571428571,1
Tumana,2026-01-26,1,real,2026-01-20,32.2,25.514285714285712,79.85714285714286,0
Tumana,2026-02-02,3,real,2026-01-27,32.3,25.385714285714283,81.14285714285714,0
Tumana,2026-02-09,1,real,2026-02-03,4.9,25.27142857142857,79.85714285714286,0
Tumana,2026-02-16,0,real,2026-02-10,5.0,25.057142857142857,68.85714285714286,0
Tumana,2026-02-23,1,real,2026-02-17,14.8,25.1,72.14285714285714,0
Tumana,2026-03-02,0,real,2026-02-24,36.1,25.685714285714287,68.14285714285714,0
Tumana,2026-03-09,1,real,2026-03-03,42.5,25.571428571428573,77.0,0
Tumana,2026-03-16,0,real,2026-03-10,4.3,26.61428571428572,70.71428571428571,0
Tumana,2026-03-23,1,real,2026-03-17,2.8,27.74285714285714,64.71428571428571,0
Tumana,2026-03-30,1,real,2026-03-24,6.5,28.228571428571428,63.42857142857143,0
